OPCAT_ID,crop_category,livestock_category,excreta_per_ha
3005,-1,1,0.0
3005,-1,2,0.0
3005,-1,3,0.0018036865158031381
3005,-1,4,0.0
3005,-1,5,0.013598857074796982
3005,0,1,0.0
3005,0,2,0.0
3005,0,3,0.0
3005,0,4,1.1518346352452862
3005,0,5,0.0
3005,4,1,4.108867961901167
3005,4,2,0.059148354348482535
3005,4,3,0.0018036865158031381
3005,4,4,5.7591731762264375
3005,4,5,0.013598857074796982
3006,-1,1,0.0
3006,-1,2,0.0
3006,-1,3,0.0932188353883864
3006,-1,4,0.0
3006,-1,5,0.0021966092815481598
3006,0,1,0.0
3006,0,2,0.0
3006,0,3,0.0
3006,0,4,1.6189919293506696
3006,0,5,0.0
3006,4,1,9.322603581522976
3006,4,2,0.0034188991511308604
3006,4,3,0.0932188353883864
3006,4,4,8.094959646753365
3006,4,5,0.0021966092815481598
3008,-1,1,0.0
3008,-1,2,0.0
3008,-1,3,0.053455353928738535
3008,-1,4,0.0
3008,-1,5,0.4908984260560774
3008,0,1,0.0
3008,0,2,0.0
3008,0,3,0.0
3008,0,4,0.6491842602435266
3008,0,5,0.0
3008,4,1,5.271192063873227
3008,4,2,0.04413384343658617
3008,4,3,0.053455353928738535
3008,4,4,3.245921301217539
3008,4,5,0.4908984260560774
3012,-1,1,0.0
3012,-1,2,0.0
3012,-1,3,0.9490988442049353
3012,-1,4,0.0
3012,-1,5,0.8624385429512201
3012,0,1,0.0
3012,0,2,0.0
3012,0,3,0.0
3012,0,4,0.772865567053709
3012,0,5,0.0
3012,4,1,12.469432215896992
3012,4,2,0.34486024171034657
3012,4,3,0.9490988442049353
3012,4,4,3.864327835268559
3012,4,5,0.8624385429512201
3014,-1,1,0.0
3014,-1,2,0.0
3014,-1,3,0.3957676986848525
3014,-1,4,0.0
3014,-1,5,2.26324354588836
3014,0,1,0.0
3014,0,2,0.0
3014,0,3,0.0
3014,0,4,1.7314898445401858
3014,0,5,0.0
3014,4,1,13.688943301483551
3014,4,2,4.04207549213208
3014,4,3,0.3957676986848525
3014,4,4,8.657449222701104
3014,4,5,2.26324354588836
3018,-1,1,0.0
3018,-1,2,0.0
3018,-1,3,0.15416294531495806
3018,-1,4,0.0
3018,-1,5,0.4674269287241236
3018,0,1,0.0
3018,0,2,0.0
3018,0,3,0.0
3018,0,4,1.20116019390525
3018,0,5,0.0
3018,4,1,8.055461194390197
3018,4,2,4.433049870984912
3018,4,3,0.15416294531495806
3018,4,4,6.005800969526219
3018,4,5,0.4674269287241236
3020,-1,1,0.0
3020,-1,2,0.0
3020,-1,3,0.46989568264408094
3020,-1,4,0.0
3020,-1,5,0.3286161649960893
3020,0,1,0.0
3020,0,2,0.0
3020,0,3,0.0
3020,0,4,1.5515504163091702
3020,0,5,0.0
3020,4,1,10.403139820655571
3020,4,2,4.078419558459439
3020,4,3,0.46989568264408094
3020,4,4,7.757752081545826
3020,4,5,0.3286161649960893
3021,-1,1,0.0
3021,-1,2,0.0
3021,-1,3,0.34686334323759177
3021,-1,4,0.0
3021,-1,5,0.16012292847227785
3021,0,1,0.0
3021,0,2,0.0
3021,0,3,0.0
3021,0,4,1.1321634207928533
3021,0,5,0.0
3021,4,1,10.379791225068592
3021,4,2,2.7357913195934938
3021,4,3,0.34686334323759177
3021,4,4,5.660817103964119
3021,4,5,0.16012292847227785
3022,-1,1,0.0
3022,-1,2,0.0
3022,-1,3,1.9906211275415961
3022,-1,4,0.0
3022,-1,5,0.33106325770555645
3022,0,1,0.0
3022,0,2,0.0
3022,0,3,0.0
3022,0,4,0.9730550848556593
3022,0,5,0.0
3022,4,1,13.080889431129652
3022,4,2,5.195619224767515
3022,4,3,1.9906211275415961
3022,4,4,4.8652754242783445
3022,4,5,0.33106325770555645
3025,-1,1,0.0
3025,-1,2,0.0
3025,-1,3,4.83249771194403
3025,-1,4,0.0
3025,-1,5,0.6583373522819277
3025,0,1,0.0
3025,0,2,0.0
3025,0,3,0.0
3025,0,4,0.775935495284857
3025,0,5,0.0
3025,4,1,29.46835202831945
3025,4,2,3.842820006442863
3025,4,3,4.83249771194403
3025,4,4,3.879677476424232
3025,4,5,0.6583373522819277
3027,-1,1,0.0
3027,-1,2,0.0
3027,-1,3,0.0
3027,-1,4,0.0
3027,-1,5,0.0
3027,0,1,0.0
3027,0,2,0.0
3027,0,3,0.0
3027,0,4,0.0
3027,0,5,0.0
3027,4,1,0.0
3027,4,2,0.0
3027,4,3,0.0
3027,4,4,0.0
3027,4,5,0.0
3028,-1,1,0.0
3028,-1,2,0.0
3028,-1,3,0.4888175532597809
3028,-1,4,0.0
3028,-1,5,0.6533487158234638
3028,0,1,0.0
3028,0,2,0.0
3028,0,3,0.0
3028,0,4,1.0359056409481098
3028,0,5,0.0
3028,4,1,7.499098661457689
3028,4,2,2.6937317043795406
3028,4,3,0.4888175532597809
3028,4,4,5.179528204740514
3028,4,5,0.6533487158234638
3029,-1,1,0.0
3029,-1,2,0.0
3029,-1,3,0.1337903612749318
3029,-1,4,0.0
3029,-1,5,0.19018008832013064
3029,0,1,0.0
3029,0,2,0.0
3029,0,3,0.0
3029,0,4,1.2280380352387568
3029,0,5,0.0
3029,4,1,6.992536232959122
3029,4,2,10.669852642416952
3029,4,3,0.1337903612749318
3029,4,4,6.140190176193793
3029,4,5,0.19018008832013064
3030,-1,1,0.0
3030,-1,2,0.0
3030,-1,3,0.2171488859646124
3030,-1,4,0.0
3030,-1,5,0.03916531617994548
3030,0,1,0.0
3030,0,2,0.0
3030,0,3,0.0
3030,0,4,1.3432019663352874
3030,0,5,0.0
3030,4,1,11.700004622269725
3030,4,2,0.4179260632138709
3030,4,3,0.2171488859646124
3030,4,4,6.716009831676429
3030,4,5,0.03916531617994548
3031,-1,1,0.0
3031,-1,2,0.0
3031,-1,3,0.23778472253682423
3031,-1,4,0.0
3031,-1,5,2.343506827266906
3031,0,1,0.0
3031,0,2,0.0
3031,0,3,0.0
3031,0,4,1.216409881917029
3031,0,5,0.0
3031,4,1,5.83871763047359
3031,4,2,5.663783871166062
3031,4,3,0.23778472253682423
3031,4,4,6.082049409584999
3031,4,5,2.343506827266906
3032,-1,1,0.0
3032,-1,2,0.0
3032,-1,3,0.0
3032,-1,4,0.0
3032,-1,5,0.0
3032,0,1,0.0
3032,0,2,0.0
3032,0,3,0.0
3032,0,4,0.0
3032,0,5,0.0
3032,4,1,0.0
3032,4,2,0.0
3032,4,3,0.0
3032,4,4,0.0
3032,4,5,0.0
3033,-1,1,0.0
3033,-1,2,0.0
3033,-1,3,0.05520431683671552
3033,-1,4,0.0
3033,-1,5,0.10013980365885167
3033,0,1,0.0
3033,0,2,0.0
3033,0,3,0.0
3033,0,4,0.8487368535035481
3033,0,5,0.0
3033,4,1,9.123930865759913
3033,4,2,14.445446698334445
3033,4,3,0.05520431683671552
3033,4,4,4.24368426751787
3033,4,5,0.10013980365885167
3034,-1,1,0.0
3034,-1,2,0.0
3034,-1,3,0.26566520987978315
3034,-1,4,0.0
3034,-1,5,0.2937803994807937
3034,0,1,0.0
3034,0,2,0.0
3034,0,3,0.0
3034,0,4,0.3639793149848896
3034,0,5,0.0
3034,4,1,9.710167750529818
3034,4,2,0.38417313344844695
3034,4,3,0.26566520987978315
3034,4,4,1.8198965749244962
3034,4,5,0.2937803994807937
3035,-1,1,0.0
3035,-1,2,0.0
3035,-1,3,0.32127468384027513
3035,-1,4,0.0
3035,-1,5,0.4081619731887007
3035,0,1,0.0
3035,0,2,0.0
3035,0,3,0.0
3035,0,4,0.5264771964844311
3035,0,5,0.0
3035,4,1,13.050712742859735
3035,4,2,18.789474596786487
3035,4,3,0.32127468384027513
3035,4,4,2.632385982422052
3035,4,5,0.4081619731887007
3036,-1,1,0.0
3036,-1,2,0.0
3036,-1,3,0.00602642463464832
3036,-1,4,0.0
3036,-1,5,0.01150159801715302
3036,0,1,0.0
3036,0,2,0.0
3036,0,3,0.0
3036,0,4,0.9356533337248857
3036,0,5,0.0
3036,4,1,7.4511815429865935
3036,4,2,1.1748632421816276
3036,4,3,0.00602642463464832
3036,4,4,4.678266668624447
3036,4,5,0.01150159801715302
3038,-1,1,0.0
3038,-1,2,0.0
3038,-1,3,0.4932409446320212
3038,-1,4,0.0
3038,-1,5,0.407492346996467
3038,0,1,0.0
3038,0,2,0.0
3038,0,3,0.0
3038,0,4,0.8555132958097639
3038,0,5,0.0
3038,4,1,7.293427053535825
3038,4,2,7.567924625550373
3038,4,3,0.4932409446320212
3038,4,4,4.277566479048595
3038,4,5,0.407492346996467
3039,-1,1,0.0
3039,-1,2,0.0
3039,-1,3,0.13196521424215163
3039,-1,4,0.0
3039,-1,5,0.3379784577274698
3039,0,1,0.0
3039,0,2,0.0
3039,0,3,0.0
3039,0,4,0.8079183821606194
3039,0,5,0.0
3039,4,1,6.910947737543598
3039,4,2,8.29006217653034
3039,4,3,0.13196521424215163
3039,4,4,4.039591910803158
3039,4,5,0.3379784577274698
3042,-1,1,0.0
3042,-1,2,0.0
3042,-1,3,0.04379231144180606
3042,-1,4,0.0
3042,-1,5,0.4530660878894985
3042,0,1,0.0
3042,0,2,0.0
3042,0,3,0.0
3042,0,4,1.3879964620196727
3042,0,5,0.0
3042,4,1,5.9696923921001925
3042,4,2,0.047314103106696974
3042,4,3,0.04379231144180606
3042,4,4,6.939982310098524
3042,4,5,0.4530660878894985
3043,-1,1,0.0
3043,-1,2,0.0
3043,-1,3,0.07348813491148327
3043,-1,4,0.0
3043,-1,5,0.015816142582267233
3043,0,1,0.0
3043,0,2,0.0
3043,0,3,0.0
3043,0,4,2.0053181266609594
3043,0,5,0.0
3043,4,1,3.6010056766035667
3043,4,2,0.06952361624628875
3043,4,3,0.07348813491148327
3043,4,4,10.026590633304917
3043,4,5,0.015816142582267233
3044,-1,1,0.0
3044,-1,2,0.0
3044,-1,3,1.3640445017698082
3044,-1,4,0.0
3044,-1,5,0.0
3044,0,1,0.0
3044,0,2,0.0
3044,0,3,0.0
3044,0,4,0.5359421770829911
3044,0,5,0.0
3044,4,1,7.624175688665662
3044,4,2,0.6487588742912267
3044,4,3,1.3640445017698082
3044,4,4,2.679710885414758
3044,4,5,0.0
3045,-1,1,0.0
3045,-1,2,0.0
3045,-1,3,0.36738866264756204
3045,-1,4,0.0
3045,-1,5,0.30061919068117526
3045,0,1,0.0
3045,0,2,0.0
3045,0,3,0.0
3045,0,4,0.3812680727939098
3045,0,5,0.0
3045,4,1,10.457727822440033
3045,4,2,12.328586640765588
3045,4,3,0.36738866264756204
3045,4,4,1.9063403639695602
3045,4,5,0.30061919068117526
3046,-1,1,0.0
3046,-1,2,0.0
3046,-1,3,0.2776187763251506
3046,-1,4,0.0
3046,-1,5,0.19884272659685637
3046,0,1,0.0
3046,0,2,0.0
3046,0,3,0.0
3046,0,4,0.47573010718216624
3046,0,5,0.0
3046,4,1,9.681738022552183
3046,4,2,7.662216067980255
3046,4,3,0.2776187763251506
3046,4,4,2.378650535910808
3046,4,5,0.19884272659685637
3051,-1,1,0.0
3051,-1,2,0.0
3051,-1,3,0.5998409422627561
3051,-1,4,0.0
3051,-1,5,1.4603802012631264
3051,0,1,0.0
3051,0,2,0.0
3051,0,3,0.0
3051,0,4,0.7848409294785605
3051,0,5,0.0
3051,4,1,8.803062841866664
3051,4,2,25.90076848249962
3051,4,3,0.5998409422627561
3051,4,4,3.924204647392765
3051,4,5,1.4603802012631264
3052,-1,1,0.0
3052,-1,2,0.0
3052,-1,3,0.863077610683392
3052,-1,4,0.0
3052,-1,5,0.28610393064275114
3052,0,1,0.0
3052,0,2,0.0
3052,0,3,0.0
3052,0,4,1.5041541169242651
3052,0,5,0.0
3052,4,1,12.774876285202115
3052,4,2,1.9229393036162874
3052,4,3,0.863077610683392
3052,4,4,7.520770584621352
3052,4,5,0.28610393064275114
3053,-1,1,0.0
3053,-1,2,0.0
3053,-1,3,0.5876530361840216
3053,-1,4,0.0
3053,-1,5,0.49576707944348003
3053,0,1,0.0
3053,0,2,0.0
3053,0,3,0.0
3053,0,4,0.49351741114223224
3053,0,5,0.0
3053,4,1,10.624007043308325
3053,4,2,13.880703773687248
3053,4,3,0.5876530361840216
3053,4,4,2.4675870557111064
3053,4,5,0.49576707944348003
3054,-1,1,0.0
3054,-1,2,0.0
3054,-1,3,1.9716347679576471
3054,-1,4,0.0
3054,-1,5,1.0517866226617816
3054,0,1,0.0
3054,0,2,0.0
3054,0,3,0.0
3054,0,4,0.4932544264718205
3054,0,5,0.0
3054,4,1,17.652924670167373
3054,4,2,0.5726340593723832
3054,4,3,1.9716347679576471
3054,4,4,2.4662721323591223
3054,4,5,1.0517866226617816
3057,-1,1,0.0
3057,-1,2,0.0
3057,-1,3,6.415550286678391
3057,-1,4,0.0
3057,-1,5,0.11432010429008482
3057,0,1,0.0
3057,0,2,0.0
3057,0,3,0.0
3057,0,4,0.690230567875477
3057,0,5,0.0
3057,4,1,15.26212891380936
3057,4,2,0.1406854516467083
3057,4,3,6.415550286678391
3057,4,4,3.451152839377386
3057,4,5,0.11432010429008482
3058,-1,1,0.0
3058,-1,2,0.0
3058,-1,3,0.016587205493476073
3058,-1,4,0.0
3058,-1,5,0.0414491219663988
3058,0,1,0.0
3058,0,2,0.0
3058,0,3,0.0
3058,0,4,0.7199620221520017
3058,0,5,0.0
3058,4,1,9.05218566245688
3058,4,2,6.4584472706516705
3058,4,3,0.016587205493476073
3058,4,4,3.5998101107603735
3058,4,5,0.0414491219663988
3062,-1,1,0.0
3062,-1,2,0.0
3062,-1,3,0.49757493503438915
3062,-1,4,0.0
3062,-1,5,0.3433679885461087
3062,0,1,0.0
3062,0,2,0.0
3062,0,3,0.0
3062,0,4,1.281334410885109
3062,0,5,0.0
3062,4,1,6.603694454434522
3062,4,2,4.095502792231717
3062,4,3,0.49757493503438915
3062,4,4,6.406672054425547
3062,4,5,0.3433679885461087
3063,-1,1,0.0
3063,-1,2,0.0
3063,-1,3,1.0514942664833593
3063,-1,4,0.0
3063,-1,5,0.16676312748402905
3063,0,1,0.0
3063,0,2,0.0
3063,0,3,0.0
3063,0,4,1.332341575679251
3063,0,5,0.0
3063,4,1,8.012954352907597
3063,4,2,10.716188742785762
3063,4,3,1.0514942664833593
3063,4,4,6.661707878396246
3063,4,5,0.16676312748402905
3064,-1,1,0.0
3064,-1,2,0.0
3064,-1,3,0.09839385730462413
3064,-1,4,0.0
3064,-1,5,0.09980609198346746
3064,0,1,0.0
3064,0,2,0.0
3064,0,3,0.0
3064,0,4,0.47235382440101964
3064,0,5,0.0
3064,4,1,5.897927868646444
3064,4,2,3.2589760885966017
3064,4,3,0.09839385730462413
3064,4,4,2.361769122005076
3064,4,5,0.09980609198346746
3065,-1,1,0.0
3065,-1,2,0.0
3065,-1,3,0.6538913078422918
3065,-1,4,0.0
3065,-1,5,0.26472640687839266
3065,0,1,0.0
3065,0,2,0.0
3065,0,3,0.0
3065,0,4,0.8532200606673607
3065,0,5,0.0
3065,4,1,12.737128553528402
3065,4,2,14.835411718569283
3065,4,3,0.6538913078422918
3065,4,4,4.266100303336805
3065,4,5,0.26472640687839266
3067,-1,1,0.0
3067,-1,2,0.0
3067,-1,3,0.0
3067,-1,4,0.0
3067,-1,5,0.0015984956372052728
3067,0,1,0.0
3067,0,2,0.0
3067,0,3,0.0
3067,0,4,1.3344881389823078
3067,0,5,0.0
3067,4,1,14.8958056417191
3067,4,2,11.821228521193628
3067,4,3,0.0
3067,4,4,6.672440694911508
3067,4,5,0.0015984956372052728
3075,-1,1,0.0
3075,-1,2,0.0
3075,-1,3,0.4834795809726922
3075,-1,4,0.0
3075,-1,5,0.005811032512073633
3075,0,1,0.0
3075,0,2,0.0
3075,0,3,0.0
3075,0,4,0.97252690147317
3075,0,5,0.0
3075,4,1,6.885416495736967
3075,4,2,14.26811620767653
3075,4,3,0.4834795809726922
3075,4,4,4.8626345073678685
3075,4,5,0.005811032512073633
3077,-1,1,0.0
3077,-1,2,0.0
3077,-1,3,0.1435884770149498
3077,-1,4,0.0
3077,-1,5,0.17660890227520062
3077,0,1,0.0
3077,0,2,0.0
3077,0,3,0.0
3077,0,4,0.30169666078728363
3077,0,5,0.0
3077,4,1,6.870120404359125
3077,4,2,0.2840050415584825
3077,4,3,0.1435884770149498
3077,4,4,1.5084833039364232
3077,4,5,0.17660890227520062
3078,-1,1,0.0
3078,-1,2,0.0
3078,-1,3,0.06665369111549513
3078,-1,4,0.0
3078,-1,5,0.18067053748956582
3078,0,1,0.0
3078,0,2,0.0
3078,0,3,0.0
3078,0,4,0.6713555678369121
3078,0,5,0.0
3078,4,1,13.505566147819556
3078,4,2,6.753470448760513
3078,4,3,0.06665369111549513
3078,4,4,3.356777839184576
3078,4,5,0.18067053748956582
3079,-1,1,0.0
3079,-1,2,0.0
3079,-1,3,0.20658222707552673
3079,-1,4,0.0
3079,-1,5,0.5267649199176394
3079,0,1,0.0
3079,0,2,0.0
3079,0,3,0.0
3079,0,4,1.1159037706783437
3079,0,5,0.0
3079,4,1,10.08372071472453
3079,4,2,3.1324727356072555
3079,4,3,0.20658222707552673
3079,4,4,5.579518853391456
3079,4,5,0.5267649199176394
3080,-1,1,0.0
3080,-1,2,0.0
3080,-1,3,0.44722536182944095
3080,-1,4,0.0
3080,-1,5,0.135708751479411
3080,0,1,0.0
3080,0,2,0.0
3080,0,3,0.0
3080,0,4,0.6781839198552861
3080,0,5,0.0
3080,4,1,7.6806265873829975
3080,4,2,13.664962064717162
3080,4,3,0.44722536182944095
3080,4,4,3.3909195992765087
3080,4,5,0.135708751479411
3081,-1,1,0.0
3081,-1,2,0.0
3081,-1,3,0.005716304441827663
3081,-1,4,0.0
3081,-1,5,0.8868290424876929
3081,0,1,0.0
3081,0,2,0.0
3081,0,3,0.0
3081,0,4,1.701530286463924
3081,0,5,0.0
3081,4,1,7.75797191441796
3081,4,2,1.8305998027072021
3081,4,3,0.005716304441827663
3081,4,4,8.507651432319767
3081,4,5,0.8868290424876929
3085,-1,1,0.0
3085,-1,2,0.0
3085,-1,3,0.936997585318706
3085,-1,4,0.0
3085,-1,5,1.403302804932914
3085,0,1,0.0
3085,0,2,0.0
3085,0,3,0.0
3085,0,4,0.517580596879657
3085,0,5,0.0
3085,4,1,11.59731937228477
3085,4,2,15.991320793193593
3085,4,3,0.936997585318706
3085,4,4,2.5879029843983425
3085,4,5,1.403302804932914
3094,-1,1,0.0
3094,-1,2,0.0
3094,-1,3,0.24459291873013042
3094,-1,4,0.0
3094,-1,5,0.03752666194636786
3094,0,1,0.0
3094,0,2,0.0
3094,0,3,0.0
3094,0,4,0.2643853464319833
3094,0,5,0.0
3094,4,1,11.725309660532469
3094,4,2,12.024635459737025
3094,4,3,0.24459291873013042
3094,4,4,1.321926732159919
3094,4,5,0.03752666194636786
3095,-1,1,0.0
3095,-1,2,0.0
3095,-1,3,0.0013599490018531232
3095,-1,4,0.0
3095,-1,5,0.04136232351872224
3095,0,1,0.0
3095,0,2,0.0
3095,0,3,0.0
3095,0,4,1.5369507757278245
3095,0,5,0.0
3095,4,1,5.903189183815333
3095,4,2,3.031739497150421
3095,4,3,0.0013599490018531232
3095,4,4,7.6847538786391185
3095,4,5,0.04136232351872224
3096,-1,1,0.0
3096,-1,2,0.0
3096,-1,3,0.15586251270480472
3096,-1,4,0.0
3096,-1,5,0.7116874690771542
3096,0,1,0.0
3096,0,2,0.0
3096,0,3,0.0
3096,0,4,0.46822598585835373
3096,0,5,0.0
3096,4,1,7.370551967173527
3096,4,2,1.4635572389784866
3096,4,3,0.15586251270480472
3096,4,4,2.3411299292917898
3096,4,5,0.7116874690771542
3097,-1,1,0.0
3097,-1,2,0.0
3097,-1,3,0.5217958090640343
3097,-1,4,0.0
3097,-1,5,0.32235205352290175
3097,0,1,0.0
3097,0,2,0.0
3097,0,3,0.0
3097,0,4,0.7831144245262246
3097,0,5,0.0
3097,4,1,9.36244728379355
3097,4,2,4.076516778066791
3097,4,3,0.5217958090640343
3097,4,4,3.9155721226311133
3097,4,5,0.32235205352290175
3098,-1,1,0.0
3098,-1,2,0.0
3098,-1,3,0.2357476358001761
3098,-1,4,0.0
3098,-1,5,0.33050988790035446
3098,0,1,0.0
3098,0,2,0.0
3098,0,3,0.0
3098,0,4,0.474745680658474
3098,0,5,0.0
3098,4,1,8.544764895345315
3098,4,2,2.3315186616477868
3098,4,3,0.2357476358001761
3098,4,4,2.3737284032923838
3098,4,5,0.33050988790035446
3099,-1,1,0.0
3099,-1,2,0.0
3099,-1,3,0.23239207726652966
3099,-1,4,0.0
3099,-1,5,0.01908302193468443
3099,0,1,0.0
3099,0,2,0.0
3099,0,3,0.0
3099,0,4,1.3016033500973285
3099,0,5,0.0
3099,4,1,6.16681923294792
3099,4,2,3.1007104305055324
3099,4,3,0.23239207726652966
3099,4,4,6.508016750486631
3099,4,5,0.01908302193468443
3100,-1,1,0.0
3100,-1,2,0.0
3100,-1,3,0.0445756556949234
3100,-1,4,0.0
3100,-1,5,1.573563748589686
3100,0,1,0.0
3100,0,2,0.0
3100,0,3,0.0
3100,0,4,0.9330262415302764
3100,0,5,0.0
3100,4,1,6.523822825907304
3100,4,2,0.16086082206079252
3100,4,3,0.0445756556949234
3100,4,4,4.665131207652709
3100,4,5,1.573563748589686
3105,-1,1,0.0
3105,-1,2,0.0
3105,-1,3,0.3816153705957418
3105,-1,4,0.0
3105,-1,5,0.004971126095972192
3105,0,1,0.0
3105,0,2,0.0
3105,0,3,0.0
3105,0,4,1.5708833220068776
3105,0,5,0.0
3105,4,1,9.389133926251414
3105,4,2,0.44836271805061906
3105,4,3,0.3816153705957418
3105,4,4,7.854416610034398
3105,4,5,0.004971126095972192
3107,-1,1,0.0
3107,-1,2,0.0
3107,-1,3,0.00527932205497673
3107,-1,4,0.0
3107,-1,5,0.0038448456457261006
3107,0,1,0.0
3107,0,2,0.0
3107,0,3,0.0
3107,0,4,1.8891813895342204
3107,0,5,0.0
3107,4,1,7.738613545419791
3107,4,2,0.009669077334124107
3107,4,3,0.00527932205497673
3107,4,4,9.4459069476711
3107,4,5,0.0038448456457261006
3110,-1,1,0.0
3110,-1,2,0.0
3110,-1,3,0.8643239294363324
3110,-1,4,0.0
3110,-1,5,0.45169520847622174
3110,0,1,0.0
3110,0,2,0.0
3110,0,3,0.0
3110,0,4,1.792280782999496
3110,0,5,0.0
3110,4,1,14.246217271425811
3110,4,2,17.416947938266368
3110,4,3,0.8643239294363324
3110,4,4,8.961403914997497
3110,4,5,0.45169520847622174
3111,-1,1,0.0
3111,-1,2,0.0
3111,-1,3,0.06344401720709583
3111,-1,4,0.0
3111,-1,5,0.15166268178367442
3111,0,1,0.0
3111,0,2,0.0
3111,0,3,0.0
3111,0,4,1.509679944109291
3111,0,5,0.0
3111,4,1,5.969912685872317
3111,4,2,1.955101763538362
3111,4,3,0.06344401720709583
3111,4,4,7.54839972054651
3111,4,5,0.15166268178367442
3112,-1,1,0.0
3112,-1,2,0.0
3112,-1,3,0.0
3112,-1,4,0.0
3112,-1,5,0.15433070130292423
3112,0,1,0.0
3112,0,2,0.0
3112,0,3,0.0
3112,0,4,0.09700741270083879
3112,0,5,0.0
3112,4,1,4.671051621042064
3112,4,2,0.09563910887715442
3112,4,3,0.0
3112,4,4,0.48503706350419523
3112,4,5,0.15433070130292423
3113,-1,1,0.0
3113,-1,2,0.0
3113,-1,3,0.0501877966694945
3113,-1,4,0.0
3113,-1,5,2.2810313313186237
3113,0,1,0.0
3113,0,2,0.0
3113,0,3,0.0
3113,0,4,0.6395090294768336
3113,0,5,0.0
3113,4,1,3.6544241760815144
3113,4,2,1.422797612265563
3113,4,3,0.0501877966694945
3113,4,4,3.197545147384183
3113,4,5,2.2810313313186237
3114,-1,1,0.0
3114,-1,2,0.0
3114,-1,3,0.5842188625301171
3114,-1,4,0.0
3114,-1,5,0.36428440525367933
3114,0,1,0.0
3114,0,2,0.0
3114,0,3,0.0
3114,0,4,0.9690633648046884
3114,0,5,0.0
3114,4,1,11.27120483342326
3114,4,2,9.679236453483043
3114,4,3,0.5842188625301171
3114,4,4,4.845316824023487
3114,4,5,0.36428440525367933
3116,-1,1,0.0
3116,-1,2,0.0
3116,-1,3,0.12736441991660413
3116,-1,4,0.0
3116,-1,5,0.4955022301264218
3116,0,1,0.0
3116,0,2,0.0
3116,0,3,0.0
3116,0,4,0.8887154082544791
3116,0,5,0.0
3116,4,1,5.010456254962041
3116,4,2,2.8674122906995647
3116,4,3,0.12736441991660413
3116,4,4,4.443577041272401
3116,4,5,0.4955022301264218
3117,-1,1,0.0
3117,-1,2,0.0
3117,-1,3,0.4904640981953245
3117,-1,4,0.0
3117,-1,5,0.006190599983926823
3117,0,1,0.0
3117,0,2,0.0
3117,0,3,0.0
3117,0,4,0.2886912905053939
3117,0,5,0.0
3117,4,1,7.271983078033606
3117,4,2,0.6618900107256998
3117,4,3,0.4904640981953245
3117,4,4,1.4434564525270255
3117,4,5,0.006190599983926823
3118,-1,1,0.0
3118,-1,2,0.0
3118,-1,3,0.06115812971296463
3118,-1,4,0.0
3118,-1,5,0.5148800090761526
3118,0,1,0.0
3118,0,2,0.0
3118,0,3,0.0
3118,0,4,0.141339679363484
3118,0,5,0.0
3118,4,1,11.030397815367188
3118,4,2,1.0408651379490752
3118,4,3,0.06115812971296463
3118,4,4,0.7066983968174091
3118,4,5,0.5148800090761526
3120,-1,1,0.0
3120,-1,2,0.0
3120,-1,3,0.16002272290281597
3120,-1,4,0.0
3120,-1,5,0.5289463060930709
3120,0,1,0.0
3120,0,2,0.0
3120,0,3,0.0
3120,0,4,0.6283669062634236
3120,0,5,0.0
3120,4,1,8.509040948669378
3120,4,2,20.80933283521374
3120,4,3,0.16002272290281597
3120,4,4,3.141834531317133
3120,4,5,0.5289463060930709
3121,-1,1,0.0
3121,-1,2,0.0
3121,-1,3,0.06394473405989068
3121,-1,4,0.0
3121,-1,5,0.014864558604163363
3121,0,1,0.0
3121,0,2,0.0
3121,0,3,0.0
3121,0,4,0.4556594600824514
3121,0,5,0.0
3121,4,1,4.952464958777398
3121,4,2,6.714375823529176
3121,4,3,0.06394473405989068
3121,4,4,2.2782973004122837
3121,4,5,0.014864558604163363
3123,-1,1,0.0
3123,-1,2,0.0
3123,-1,3,0.17682903472150305
3123,-1,4,0.0
3123,-1,5,0.37355500277155906
3123,0,1,0.0
3123,0,2,0.0
3123,0,3,0.0
3123,0,4,0.808547139126905
3123,0,5,0.0
3123,4,1,11.439820153614633
3123,4,2,4.21778953237456
3123,4,3,0.17682903472150305
3123,4,4,4.04273569563453
3123,4,5,0.37355500277155906
3124,-1,1,0.0
3124,-1,2,0.0
3124,-1,3,0.05581023584153246
3124,-1,4,0.0
3124,-1,5,0.32618956490302337
3124,0,1,0.0
3124,0,2,0.0
3124,0,3,0.0
3124,0,4,0.8144447390588201
3124,0,5,0.0
3124,4,1,7.748573764329038
3124,4,2,12.895796519208396
3124,4,3,0.05581023584153246
3124,4,4,4.0722236952940625
3124,4,5,0.32618956490302337
3125,-1,1,0.0
3125,-1,2,0.0
3125,-1,3,1.6123109202664623
3125,-1,4,0.0
3125,-1,5,0.0509655605032337
3125,0,1,0.0
3125,0,2,0.0
3125,0,3,0.0
3125,0,4,0.549112020844323
3125,0,5,0.0
3125,4,1,17.215321487042928
3125,4,2,12.40908656802283
3125,4,3,1.6123109202664623
3125,4,4,2.745560104221593
3125,4,5,0.0509655605032337
3126,-1,1,0.0
3126,-1,2,0.0
3126,-1,3,2.15074739446464
3126,-1,4,0.0
3126,-1,5,0.626503318751073
3126,0,1,0.0
3126,0,2,0.0
3126,0,3,0.0
3126,0,4,0.2692065937583602
3126,0,5,0.0
3126,4,1,4.68049386091002
3126,4,2,2.0633652275272585
3126,4,3,2.15074739446464
3126,4,4,1.346032968791817
3126,4,5,0.626503318751073
3127,-1,1,0.0
3127,-1,2,0.0
3127,-1,3,0.13329526470669423
3127,-1,4,0.0
3127,-1,5,0.3916664913896555
3127,0,1,0.0
3127,0,2,0.0
3127,0,3,0.0
3127,0,4,0.48646945651167567
3127,0,5,0.0
3127,4,1,10.491662339701621
3127,4,2,19.942654930818236
3127,4,3,0.13329526470669423
3127,4,4,2.4323472825587755
3127,4,5,0.3916664913896555
3129,-1,1,0.0
3129,-1,2,0.0
3129,-1,3,0.7623923038872578
3129,-1,4,0.0
3129,-1,5,0.22815316888213125
3129,0,1,0.0
3129,0,2,0.0
3129,0,3,0.0
3129,0,4,0.15000140186398986
3129,0,5,0.0
3129,4,1,9.098309293437222
3129,4,2,30.229167436744643
3129,4,3,0.7623923038872578
3129,4,4,0.7500070093199319
3129,4,5,0.22815316888213125
3132,-1,1,0.0
3132,-1,2,0.0
3132,-1,3,0.10313000819919708
3132,-1,4,0.0
3132,-1,5,0.08167848174539177
3132,0,1,0.0
3132,0,2,0.0
3132,0,3,0.0
3132,0,4,1.3577985253652394
3132,0,5,0.0
3132,4,1,5.2398561921328515
3132,4,2,3.0016683029294153
3132,4,3,0.10313000819919708
3132,4,4,6.788992626826223
3132,4,5,0.08167848174539177
3134,-1,1,0.0
3134,-1,2,0.0
3134,-1,3,0.14687211042588794
3134,-1,4,0.0
3134,-1,5,0.20982586329877093
3134,0,1,0.0
3134,0,2,0.0
3134,0,3,0.0
3134,0,4,1.0382758540057428
3134,0,5,0.0
3134,4,1,11.053834844669026
3134,4,2,9.235996731307685
3134,4,3,0.14687211042588794
3134,4,4,5.191379270028714
3134,4,5,0.20982586329877093
3135,-1,1,0.0
3135,-1,2,0.0
3135,-1,3,0.2650101504985678
3135,-1,4,0.0
3135,-1,5,0.346489063217659
3135,0,1,0.0
3135,0,2,0.0
3135,0,3,0.0
3135,0,4,0.5260351362769841
3135,0,5,0.0
3135,4,1,13.919179217812696
3135,4,2,10.112994401772138
3135,4,3,0.2650101504985678
3135,4,4,2.630175681384961
3135,4,5,0.346489063217659
3136,-1,1,0.0
3136,-1,2,0.0
3136,-1,3,0.0027800589447418084
3136,-1,4,0.0
3136,-1,5,0.47985906085149527
3136,0,1,0.0
3136,0,2,0.0
3136,0,3,0.0
3136,0,4,1.4332690988328018
3136,0,5,0.0
3136,4,1,5.89425826121362
3136,4,2,0.3575801769384346
3136,4,3,0.0027800589447418084
3136,4,4,7.166345494164013
3136,4,5,0.47985906085149527
3137,-1,1,0.0
3137,-1,2,0.0
3137,-1,3,0.4726749763349378
3137,-1,4,0.0
3137,-1,5,0.016328098915853538
3137,0,1,0.0
3137,0,2,0.0
3137,0,3,0.0
3137,0,4,1.0505951952301864
3137,0,5,0.0
3137,4,1,9.386519439526714
3137,4,2,6.733743074462469
3137,4,3,0.4726749763349378
3137,4,4,5.2529759761509425
3137,4,5,0.016328098915853538
3139,-1,1,0.0
3139,-1,2,0.0
3139,-1,3,0.023917193833387956
3139,-1,4,0.0
3139,-1,5,0.035772685367159184
3139,0,1,0.0
3139,0,2,0.0
3139,0,3,0.0
3139,0,4,0.3512563610579141
3139,0,5,0.0
3139,4,1,1.9366800429110205
3139,4,2,0.7680543819260718
3139,4,3,0.023917193833387956
3139,4,4,1.7562818052895734
3139,4,5,0.035772685367159184
3140,-1,1,0.0
3140,-1,2,0.0
3140,-1,3,0.39182612409608303
3140,-1,4,0.0
3140,-1,5,0.5832052454999539
3140,0,1,0.0
3140,0,2,0.0
3140,0,3,0.0
3140,0,4,0.48362236068407777
3140,0,5,0.0
3140,4,1,8.1648128067577
3140,4,2,15.47922534600895
3140,4,3,0.39182612409608303
3140,4,4,2.418111803420363
3140,4,5,0.5832052454999539
3141,-1,1,0.0
3141,-1,2,0.0
3141,-1,3,0.09156600006076526
3141,-1,4,0.0
3141,-1,5,1.9962781098628968
3141,0,1,0.0
3141,0,2,0.0
3141,0,3,0.0
3141,0,4,0.5360063248617477
3141,0,5,0.0
3141,4,1,9.897752926004552
3141,4,2,12.050846395690696
3141,4,3,0.09156600006076526
3141,4,4,2.6800316243087496
3141,4,5,1.9962781098628968
3142,-1,1,0.0
3142,-1,2,0.0
3142,-1,3,0.391439875177779
3142,-1,4,0.0
3142,-1,5,0.11000628895050873
3142,0,1,0.0
3142,0,2,0.0
3142,0,3,0.0
3142,0,4,1.186600408411752
3142,0,5,0.0
3142,4,1,8.408462241878237
3142,4,2,4.946060117842774
3142,4,3,0.391439875177779
3142,4,4,5.933002042058649
3142,4,5,0.11000628895050873
3143,-1,1,0.0
3143,-1,2,0.0
3143,-1,3,0.39406085500865456
3143,-1,4,0.0
3143,-1,5,0.46288104612203956
3143,0,1,0.0
3143,0,2,0.0
3143,0,3,0.0
3143,0,4,0.7809305642450741
3143,0,5,0.0
3143,4,1,11.481130364635394
3143,4,2,16.992753572173097
3143,4,3,0.39406085500865456
3143,4,4,3.9046528212253606
3143,4,5,0.46288104612203956
3144,-1,1,0.0
3144,-1,2,0.0
3144,-1,3,0.40687336753545555
3144,-1,4,0.0
3144,-1,5,0.29881581987622624
3144,0,1,0.0
3144,0,2,0.0
3144,0,3,0.0
3144,0,4,1.1607723158510572
3144,0,5,0.0
3144,4,1,10.490959888472473
3144,4,2,8.481116103056596
3144,4,3,0.40687336753545555
3144,4,4,5.803861579255273
3144,4,5,0.29881581987622624
3145,-1,1,0.0
3145,-1,2,0.0
3145,-1,3,0.31938447802125014
3145,-1,4,0.0
3145,-1,5,0.027089346812121846
3145,0,1,0.0
3145,0,2,0.0
3145,0,3,0.0
3145,0,4,1.49046245843655
3145,0,5,0.0
3145,4,1,6.27177067403131
3145,4,2,3.503256967041825
3145,4,3,0.31938447802125014
3145,4,4,7.452312292182765
3145,4,5,0.027089346812121846
3155,-1,1,0.0
3155,-1,2,0.0
3155,-1,3,0.11536428305425496
3155,-1,4,0.0
3155,-1,5,0.052831016896612876
3155,0,1,0.0
3155,0,2,0.0
3155,0,3,0.0
3155,0,4,1.414462813228637
3155,0,5,0.0
3155,4,1,4.131519482753858
3155,4,2,3.9778477368473895
3155,4,3,0.11536428305425496
3155,4,4,7.072314066143179
3155,4,5,0.052831016896612876
3156,-1,1,0.0
3156,-1,2,0.0
3156,-1,3,0.3101612590725157
3156,-1,4,0.0
3156,-1,5,0.9769365995251484
3156,0,1,0.0
3156,0,2,0.0
3156,0,3,0.0
3156,0,4,0.567799060689565
3156,0,5,0.0
3156,4,1,16.617481863762126
3156,4,2,0.8149824171198509
3156,4,3,0.3101612590725157
3156,4,4,2.8389953034478377
3156,4,5,0.9769365995251484
3157,-1,1,0.0
3157,-1,2,0.0
3157,-1,3,0.42029539664097393
3157,-1,4,0.0
3157,-1,5,0.42372918863581766
3157,0,1,0.0
3157,0,2,0.0
3157,0,3,0.0
3157,0,4,0.36169795972012103
3157,0,5,0.0
3157,4,1,6.617140761892473
3157,4,2,5.859442001386272
3157,4,3,0.42029539664097393
3157,4,4,1.8084897986005675
3157,4,5,0.42372918863581766
3164,-1,1,0.0
3164,-1,2,0.0
3164,-1,3,0.027537395335319587
3164,-1,4,0.0
3164,-1,5,0.052177519463810454
3164,0,1,0.0
3164,0,2,0.0
3164,0,3,0.0
3164,0,4,0.6408640618147105
3164,0,5,0.0
3164,4,1,8.179609055746873
3164,4,2,6.38480627248545
3164,4,3,0.027537395335319587
3164,4,4,3.2043203090735326
3164,4,5,0.052177519463810454
3165,-1,1,0.0
3165,-1,2,0.0
3165,-1,3,0.10989152317771614
3165,-1,4,0.0
3165,-1,5,0.09321830990383434
3165,0,1,0.0
3165,0,2,0.0
3165,0,3,0.0
3165,0,4,0.9081369194650025
3165,0,5,0.0
3165,4,1,9.93547217243345
3165,4,2,11.11629190403683
3165,4,3,0.10989152317771614
3165,4,4,4.540684597325033
3165,4,5,0.09321830990383434
3166,-1,1,0.0
3166,-1,2,0.0
3166,-1,3,0.10896904031726826
3166,-1,4,0.0
3166,-1,5,0.09999781984000711
3166,0,1,0.0
3166,0,2,0.0
3166,0,3,0.0
3166,0,4,1.4689770416810581
3166,0,5,0.0
3166,4,1,6.2145851328216795
3166,4,2,6.47646346576167
3166,4,3,0.10896904031726826
3166,4,4,7.344885208405297
3166,4,5,0.09999781984000711
3167,-1,1,0.0
3167,-1,2,0.0
3167,-1,3,0.011479868704043796
3167,-1,4,0.0
3167,-1,5,0.08446490098548305
3167,0,1,0.0
3167,0,2,0.0
3167,0,3,0.0
3167,0,4,1.25674529036303
3167,0,5,0.0
3167,4,1,6.763921361369511
3167,4,2,6.112719624516442
3167,4,3,0.011479868704043796
3167,4,4,6.283726451815138
3167,4,5,0.08446490098548305
3168,-1,1,0.0
3168,-1,2,0.0
3168,-1,3,0.1283655494626958
3168,-1,4,0.0
3168,-1,5,0.017833696056749223
3168,0,1,0.0
3168,0,2,0.0
3168,0,3,0.0
3168,0,4,1.1852688030752365
3168,0,5,0.0
3168,4,1,12.16652100660371
3168,4,2,10.917763104620239
3168,4,3,0.1283655494626958
3168,4,4,5.92634401537628
3168,4,5,0.017833696056749223
3174,-1,1,0.0
3174,-1,2,0.0
3174,-1,3,0.2588754898332542
3174,-1,4,0.0
3174,-1,5,0.11819458499759286
3174,0,1,0.0
3174,0,2,0.0
3174,0,3,0.0
3174,0,4,0.3131896253249778
3174,0,5,0.0
3174,4,1,12.064915179456506
3174,4,2,2.5661060473809814
3174,4,3,0.2588754898332542
3174,4,4,1.5659481266248996
3174,4,5,0.11819458499759286
3175,-1,1,0.0
3175,-1,2,0.0
3175,-1,3,0.017894106374815387
3175,-1,4,0.0
3175,-1,5,0.009114469409648464
3175,0,1,0.0
3175,0,2,0.0
3175,0,3,0.0
3175,0,4,0.7723581057448844
3175,0,5,0.0
3175,4,1,9.349982633562908
3175,4,2,7.905998288115353
3175,4,3,0.017894106374815387
3175,4,4,3.86179052872434
3175,4,5,0.009114469409648464
3177,-1,1,0.0
3177,-1,2,0.0
3177,-1,3,0.39812263721194846
3177,-1,4,0.0
3177,-1,5,0.030196629893377774
3177,0,1,0.0
3177,0,2,0.0
3177,0,3,0.0
3177,0,4,0.873342528893777
3177,0,5,0.0
3177,4,1,5.422714098594829
3177,4,2,2.7867692058565083
3177,4,3,0.39812263721194846
3177,4,4,4.36671264446889
3177,4,5,0.030196629893377774
3178,-1,1,0.0
3178,-1,2,0.0
3178,-1,3,0.02235931929138867
3178,-1,4,0.0
3178,-1,5,0.0759485083720233
3178,0,1,0.0
3178,0,2,0.0
3178,0,3,0.0
3178,0,4,1.1249271330202997
3178,0,5,0.0
3178,4,1,8.888916363261206
3178,4,2,7.5438298391114795
3178,4,3,0.02235931929138867
3178,4,4,5.6246356651014935
3178,4,5,0.0759485083720233
3181,-1,1,0.0
3181,-1,2,0.0
3181,-1,3,0.701935507698501
3181,-1,4,0.0
3181,-1,5,0.14594907928280396
3181,0,1,0.0
3181,0,2,0.0
3181,0,3,0.0
3181,0,4,0.6795899800121211
3181,0,5,0.0
3181,4,1,9.178741204482604
3181,4,2,0.8535141069665673
3181,4,3,0.701935507698501
3181,4,4,3.397949900060587
3181,4,5,0.14594907928280396
3183,-1,1,0.0
3183,-1,2,0.0
3183,-1,3,0.1587610062180948
3183,-1,4,0.0
3183,-1,5,0.30749507585780905
3183,0,1,0.0
3183,0,2,0.0
3183,0,3,0.0
3183,0,4,1.252053374887284
3183,0,5,0.0
3183,4,1,9.11003495962584
3183,4,2,4.372379153977543
3183,4,3,0.1587610062180948
3183,4,4,6.2602668744364305
3183,4,5,0.30749507585780905
3184,-1,1,0.0
3184,-1,2,0.0
3184,-1,3,0.1620262903163888
3184,-1,4,0.0
3184,-1,5,0.06378923781087442
3184,0,1,0.0
3184,0,2,0.0
3184,0,3,0.0
3184,0,4,0.5270734226445569
3184,0,5,0.0
3184,4,1,12.529726908675645
3184,4,2,11.777991556595325
3184,4,3,0.1620262903163888
3184,4,4,2.635367113222746
3184,4,5,0.06378923781087442
3188,-1,1,0.0
3188,-1,2,0.0
3188,-1,3,1.8916825866251388
3188,-1,4,0.0
3188,-1,5,1.7627151643547139
3188,0,1,0.0
3188,0,2,0.0
3188,0,3,0.0
3188,0,4,0.44298154280135266
3188,0,5,0.0
3188,4,1,11.754969503703348
3188,4,2,23.77344086616576
3188,4,3,1.8916825866251388
3188,4,4,2.214907714006657
3188,4,5,1.7627151643547139
3189,-1,1,0.0
3189,-1,2,0.0
3189,-1,3,0.4095046631092471
3189,-1,4,0.0
3189,-1,5,1.5557593793587987
3189,0,1,0.0
3189,0,2,0.0
3189,0,3,0.0
3189,0,4,0.9963679251153916
3189,0,5,0.0
3189,4,1,13.124007639913145
3189,4,2,13.529493663076444
3189,4,3,0.4095046631092471
3189,4,4,4.981839625576987
3189,4,5,1.5557593793587987
3190,-1,1,0.0
3190,-1,2,0.0
3190,-1,3,2.9529714585086397
3190,-1,4,0.0
3190,-1,5,0.30961142099429056
3190,0,1,0.0
3190,0,2,0.0
3190,0,3,0.0
3190,0,4,1.2146800726184066
3190,0,5,0.0
3190,4,1,14.704998068516744
3190,4,2,6.21448391189102
3190,4,3,2.9529714585086397
3190,4,4,6.073400363092032
3190,4,5,0.30961142099429056
3191,-1,1,0.0
3191,-1,2,0.0
3191,-1,3,4.937577914187805
3191,-1,4,0.0
3191,-1,5,0.8186390233779879
3191,0,1,0.0
3191,0,2,0.0
3191,0,3,0.0
3191,0,4,0.7088751301601058
3191,0,5,0.0
3191,4,1,15.969091500690034
3191,4,2,1.9120285513987865
3191,4,3,4.937577914187805
3191,4,4,3.5443756508006676
3191,4,5,0.8186390233779879
3192,-1,1,0.0
3192,-1,2,0.0
3192,-1,3,0.1913096334704055
3192,-1,4,0.0
3192,-1,5,0.125616413101297
3192,0,1,0.0
3192,0,2,0.0
3192,0,3,0.0
3192,0,4,0.8305954806068176
3192,0,5,0.0
3192,4,1,13.82035801897343
3192,4,2,4.286197030277888
3192,4,3,0.1913096334704055
3192,4,4,4.152977403034098
3192,4,5,0.125616413101297
3194,-1,1,0.0
3194,-1,2,0.0
3194,-1,3,0.05493953063544696
3194,-1,4,0.0
3194,-1,5,0.1964875675593982
3194,0,1,0.0
3194,0,2,0.0
3194,0,3,0.0
3194,0,4,0.7157569359281191
3194,0,5,0.0
3194,4,1,11.39384810653565
3194,4,2,7.14169319648208
3194,4,3,0.05493953063544696
3194,4,4,3.578784679640571
3194,4,5,0.1964875675593982
3196,-1,1,0.0
3196,-1,2,0.0
3196,-1,3,0.23327245207480163
3196,-1,4,0.0
3196,-1,5,0.010619850393202958
3196,0,1,0.0
3196,0,2,0.0
3196,0,3,0.0
3196,0,4,1.0085937065562989
3196,0,5,0.0
3196,4,1,11.757295480329827
3196,4,2,7.832751470535056
3196,4,3,0.23327245207480163
3196,4,4,5.042968532781501
3196,4,5,0.010619850393202958
3197,-1,1,0.0
3197,-1,2,0.0
3197,-1,3,0.2925940239354242
3197,-1,4,0.0
3197,-1,5,0.8924260609128054
3197,0,1,0.0
3197,0,2,0.0
3197,0,3,0.0
3197,0,4,1.2689902683841816
3197,0,5,0.0
3197,4,1,11.810125254671872
3197,4,2,3.405703029156737
3197,4,3,0.2925940239354242
3197,4,4,6.3449513419209085
3197,4,5,0.8924260609128054
3199,-1,1,0.0
3199,-1,2,0.0
3199,-1,3,3.3068631468938197
3199,-1,4,0.0
3199,-1,5,0.9954935042846235
3199,0,1,0.0
3199,0,2,0.0
3199,0,3,0.0
3199,0,4,0.6988843516976153
3199,0,5,0.0
3199,4,1,8.546522127841486
3199,4,2,3.4877682248411173
3199,4,3,3.3068631468938197
3199,4,4,3.4944217584880706
3199,4,5,0.9954935042846235
3202,-1,1,0.0
3202,-1,2,0.0
3202,-1,3,0.13734259271179802
3202,-1,4,0.0
3202,-1,5,0.18837925826761964
3202,0,1,0.0
3202,0,2,0.0
3202,0,3,0.0
3202,0,4,0.23265490728118507
3202,0,5,0.0
3202,4,1,7.806691875401431
3202,4,2,4.2288799189995245
3202,4,3,0.13734259271179802
3202,4,4,1.1632745364059063
3202,4,5,0.18837925826761964
3203,-1,1,0.0
3203,-1,2,0.0
3203,-1,3,0.16022782454906492
3203,-1,4,0.0
3203,-1,5,0.5174378054170858
3203,0,1,0.0
3203,0,2,0.0
3203,0,3,0.0
3203,0,4,0.6244708534078921
3203,0,5,0.0
3203,4,1,11.206933697763588
3203,4,2,4.465848055000141
3203,4,3,0.16022782454906492
3203,4,4,3.1223542670393623
3203,4,5,0.5174378054170858
3204,-1,1,0.0
3204,-1,2,0.0
3204,-1,3,1.409393771449124
3204,-1,4,0.0
3204,-1,5,1.269392886930491
3204,0,1,0.0
3204,0,2,0.0
3204,0,3,0.0
3204,0,4,0.5192985058664435
3204,0,5,0.0
3204,4,1,12.652611412200145
3204,4,2,10.697158255410217
3204,4,3,1.409393771449124
3204,4,4,2.5964925293322154
3204,4,5,1.269392886930491
3205,-1,1,0.0
3205,-1,2,0.0
3205,-1,3,0.6444631562730858
3205,-1,4,0.0
3205,-1,5,0.4950265677255106
3205,0,1,0.0
3205,0,2,0.0
3205,0,3,0.0
3205,0,4,0.27666802752367214
3205,0,5,0.0
3205,4,1,9.539163195384976
3205,4,2,23.259962623867146
3205,4,3,0.6444631562730858
3205,4,4,1.383340137618293
3205,4,5,0.4950265677255106
3206,-1,1,0.0
3206,-1,2,0.0
3206,-1,3,0.2486782142446529
3206,-1,4,0.0
3206,-1,5,0.2712377622384265
3206,0,1,0.0
3206,0,2,0.0
3206,0,3,0.0
3206,0,4,1.0367530190219485
3206,0,5,0.0
3206,4,1,4.883581292761585
3206,4,2,2.473956679303949
3206,4,3,0.2486782142446529
3206,4,4,5.18376509510974
3206,4,5,0.2712377622384265
3209,-1,1,0.0
3209,-1,2,0.0
3209,-1,3,0.05164206173335966
3209,-1,4,0.0
3209,-1,5,0.060150310087613026
3209,0,1,0.0
3209,0,2,0.0
3209,0,3,0.0
3209,0,4,1.3459186899904219
3209,0,5,0.0
3209,4,1,3.061023714922387
3209,4,2,0.970634526096739
3209,4,3,0.05164206173335966
3209,4,4,6.729593449952118
3209,4,5,0.060150310087613026
3214,-1,1,0.0
3214,-1,2,0.0
3214,-1,3,2.782277275181029
3214,-1,4,0.0
3214,-1,5,0.4530758415764192
3214,0,1,0.0
3214,0,2,0.0
3214,0,3,0.0
3214,0,4,1.0561005348603105
3214,0,5,0.0
3214,4,1,18.73051454991904
3214,4,2,0.9034245510005608
3214,4,3,2.782277275181029
3214,4,4,5.280502674301519
3214,4,5,0.4530758415764192
3216,-1,1,0.0
3216,-1,2,0.0
3216,-1,3,0.38710278878308085
3216,-1,4,0.0
3216,-1,5,0.2570788462199767
3216,0,1,0.0
3216,0,2,0.0
3216,0,3,0.0
3216,0,4,0.3802769335809652
3216,0,5,0.0
3216,4,1,7.745062906962835
3216,4,2,4.940840933775686
3216,4,3,0.38710278878308085
3216,4,4,1.9013846679048294
3216,4,5,0.2570788462199767
3218,-1,1,0.0
3218,-1,2,0.0
3218,-1,3,0.2640489912577648
3218,-1,4,0.0
3218,-1,5,0.0019012681394575055
3218,0,1,0.0
3218,0,2,0.0
3218,0,3,0.0
3218,0,4,0.6490418088987322
3218,0,5,0.0
3218,4,1,9.03199728550342
3218,4,2,11.998461284022234
3218,4,3,0.2640489912577648
3218,4,4,3.24520904449368
3218,4,5,0.0019012681394575055
3221,-1,1,0.0
3221,-1,2,0.0
3221,-1,3,0.0858162536956583
3221,-1,4,0.0
3221,-1,5,0.0725284010718033
3221,0,1,0.0
3221,0,2,0.0
3221,0,3,0.0
3221,0,4,0.39313808319983196
3221,0,5,0.0
3221,4,1,12.84622999602775
3221,4,2,9.95247007471612
3221,4,3,0.0858162536956583
3221,4,4,1.9656904159991426
3221,4,5,0.0725284010718033
3223,-1,1,0.0
3223,-1,2,0.0
3223,-1,3,0.03318510883080518
3223,-1,4,0.0
3223,-1,5,0.05250332764436494
3223,0,1,0.0
3223,0,2,0.0
3223,0,3,0.0
3223,0,4,1.361598397515801
3223,0,5,0.0
3223,4,1,5.143704779603057
3223,4,2,9.421002395949806
3223,4,3,0.03318510883080518
3223,4,4,6.807991987579
3223,4,5,0.05250332764436494
3224,-1,1,0.0
3224,-1,2,0.0
3224,-1,3,0.0013653680682522787
3224,-1,4,0.0
3224,-1,5,0.07948230774995617
3224,0,1,0.0
3224,0,2,0.0
3224,0,3,0.0
3224,0,4,0.5662010541088394
3224,0,5,0.0
3224,4,1,2.1607941949411367
3224,4,2,2.0929956495269604
3224,4,3,0.0013653680682522787
3224,4,4,2.831005270544222
3224,4,5,0.07948230774995617
3229,-1,1,0.0
3229,-1,2,0.0
3229,-1,3,0.8836709409376958
3229,-1,4,0.0
3229,-1,5,1.6468243764076704
3229,0,1,0.0
3229,0,2,0.0
3229,0,3,0.0
3229,0,4,0.5809785731463187
3229,0,5,0.0
3229,4,1,13.62706861460626
3229,4,2,4.838872123101752
3229,4,3,0.8836709409376958
3229,4,4,2.904892865731546
3229,4,5,1.6468243764076704
3231,-1,1,0.0
3231,-1,2,0.0
3231,-1,3,0.02569905549548621
3231,-1,4,0.0
3231,-1,5,0.07886097062298587
3231,0,1,0.0
3231,0,2,0.0
3231,0,3,0.0
3231,0,4,1.0775496704002587
3231,0,5,0.0
3231,4,1,5.625369794026787
3231,4,2,2.930414957649949
3231,4,3,0.02569905549548621
3231,4,4,5.3877483520012825
3231,4,5,0.07886097062298587
3233,-1,1,0.0
3233,-1,2,0.0
3233,-1,3,0.023566510263485132
3233,-1,4,0.0
3233,-1,5,0.5419657702031769
3233,0,1,0.0
3233,0,2,0.0
3233,0,3,0.0
3233,0,4,1.1604949538410276
3233,0,5,0.0
3233,4,1,13.968143166319408
3233,4,2,1.0028062121629635
3233,4,3,0.023566510263485132
3233,4,4,5.802474769205141
3233,4,5,0.5419657702031769
3234,-1,1,0.0
3234,-1,2,0.0
3234,-1,3,0.9985437462004672
3234,-1,4,0.0
3234,-1,5,1.2748803989076054
3234,0,1,0.0
3234,0,2,0.0
3234,0,3,0.0
3234,0,4,0.5805823520750463
3234,0,5,0.0
3234,4,1,10.486984983288131
3234,4,2,2.6017440626772435
3234,4,3,0.9985437462004672
3234,4,4,2.9029117603752534
3234,4,5,1.2748803989076054
3235,-1,1,0.0
3235,-1,2,0.0
3235,-1,3,0.0462779758127947
3235,-1,4,0.0
3235,-1,5,0.05667277642661407
3235,0,1,0.0
3235,0,2,0.0
3235,0,3,0.0
3235,0,4,0.6356885143599754
3235,0,5,0.0
3235,4,1,9.707132640197289
3235,4,2,3.3959697993542286
3235,4,3,0.0462779758127947
3235,4,4,3.178442571799868
3235,4,5,0.05667277642661407
3237,-1,1,0.0
3237,-1,2,0.0
3237,-1,3,0.019801717263705953
3237,-1,4,0.0
3237,-1,5,0.2197868384242403
3237,0,1,0.0
3237,0,2,0.0
3237,0,3,0.0
3237,0,4,0.45047976956579644
3237,0,5,0.0
3237,4,1,7.999987686386943
3237,4,2,6.703662628010294
3237,4,3,0.019801717263705953
3237,4,4,2.2523988478289856
3237,4,5,0.2197868384242403
3239,-1,1,0.0
3239,-1,2,0.0
3239,-1,3,0.22844671486933432
3239,-1,4,0.0
3239,-1,5,0.18160352575843625
3239,0,1,0.0
3239,0,2,0.0
3239,0,3,0.0
3239,0,4,0.5254748643887537
3239,0,5,0.0
3239,4,1,8.123616654147105
3239,4,2,2.6147470895878073
3239,4,3,0.22844671486933432
3239,4,4,2.627374321943772
3239,4,5,0.18160352575843625
3240,-1,1,0.0
3240,-1,2,0.0
3240,-1,3,0.08828431264541725
3240,-1,4,0.0
3240,-1,5,0.02272769494614179
3240,0,1,0.0
3240,0,2,0.0
3240,0,3,0.0
3240,0,4,1.1668586056976968
3240,0,5,0.0
3240,4,1,7.280303736969312
3240,4,2,14.519720657527337
3240,4,3,0.08828431264541725
3240,4,4,5.834293028488503
3240,4,5,0.02272769494614179
3242,-1,1,0.0
3242,-1,2,0.0
3242,-1,3,0.20293331376306326
3242,-1,4,0.0
3242,-1,5,0.28815553466033816
3242,0,1,0.0
3242,0,2,0.0
3242,0,3,0.0
3242,0,4,0.4842934066998303
3242,0,5,0.0
3242,4,1,5.9199986398047875
3242,4,2,5.28720479819441
3242,4,3,0.20293331376306326
3242,4,4,2.4214670334991495
3242,4,5,0.28815553466033816
3243,-1,1,0.0
3243,-1,2,0.0
3243,-1,3,0.02677578590644926
3243,-1,4,0.0
3243,-1,5,0.23673786122524038
3243,0,1,0.0
3243,0,2,0.0
3243,0,3,0.0
3243,0,4,1.3916687244499208
3243,0,5,0.0
3243,4,1,6.507803111106711
3243,4,2,5.078554288647175
3243,4,3,0.02677578590644926
3243,4,4,6.958343622249607
3243,4,5,0.23673786122524038
3245,-1,1,0.0
3245,-1,2,0.0
3245,-1,3,0.0
3245,-1,4,0.0
3245,-1,5,0.0
3245,0,1,0.0
3245,0,2,0.0
3245,0,3,0.0
3245,0,4,0.0
3245,0,5,0.0
3245,4,1,0.0
3245,4,2,0.0
3245,4,3,0.0
3245,4,4,0.0
3245,4,5,0.0
3246,-1,1,0.0
3246,-1,2,0.0
3246,-1,3,0.0
3246,-1,4,0.0
3246,-1,5,0.0
3246,0,1,0.0
3246,0,2,0.0
3246,0,3,0.0
3246,0,4,0.0
3246,0,5,0.0
3246,4,1,0.0
3246,4,2,0.0
3246,4,3,0.0
3246,4,4,0.0
3246,4,5,0.0
3248,-1,1,0.0
3248,-1,2,0.0
3248,-1,3,0.0
3248,-1,4,0.0
3248,-1,5,0.0
3248,0,1,0.0
3248,0,2,0.0
3248,0,3,0.0
3248,0,4,0.0
3248,0,5,0.0
3248,4,1,0.0
3248,4,2,0.0
3248,4,3,0.0
3248,4,4,0.0
3248,4,5,0.0
3249,-1,1,0.0
3249,-1,2,0.0
3249,-1,3,1.0392570891543866
3249,-1,4,0.0
3249,-1,5,0.6012562992065178
3249,0,1,0.0
3249,0,2,0.0
3249,0,3,0.0
3249,0,4,0.8909010151077289
3249,0,5,0.0
3249,4,1,4.055222456411735
3249,4,2,0.08462453737427995
3249,4,3,1.0392570891543866
3249,4,4,4.4545050755387825
3249,4,5,0.6012562992065178
3250,-1,1,0.0
3250,-1,2,0.0
3250,-1,3,0.3563251154511963
3250,-1,4,0.0
3250,-1,5,0.5981223521617512
3250,0,1,0.0
3250,0,2,0.0
3250,0,3,0.0
3250,0,4,1.2526525088297578
3250,0,5,0.0
3250,4,1,12.026403364647347
3250,4,2,9.563049672275406
3250,4,3,0.3563251154511963
3250,4,4,6.263262544148592
3250,4,5,0.5981223521617512
3251,-1,1,0.0
3251,-1,2,0.0
3251,-1,3,0.056340120870740015
3251,-1,4,0.0
3251,-1,5,0.1746785088907057
3251,0,1,0.0
3251,0,2,0.0
3251,0,3,0.0
3251,0,4,1.2980184488897362
3251,0,5,0.0
3251,4,1,6.410168948276777
3251,4,2,4.153013805820991
3251,4,3,0.056340120870740015
3251,4,4,6.490092244448686
3251,4,5,0.1746785088907057
3252,-1,1,0.0
3252,-1,2,0.0
3252,-1,3,1.8773958816554843
3252,-1,4,0.0
3252,-1,5,0.3284754644487454
3252,0,1,0.0
3252,0,2,0.0
3252,0,3,0.0
3252,0,4,1.2519208512819526
3252,0,5,0.0
3252,4,1,8.260038534387546
3252,4,2,3.780264786412838
3252,4,3,1.8773958816554843
3252,4,4,6.259604256409764
3252,4,5,0.3284754644487454
3253,-1,1,0.0
3253,-1,2,0.0
3253,-1,3,0.3004983625509616
3253,-1,4,0.0
3253,-1,5,0.43605817429235594
3253,0,1,0.0
3253,0,2,0.0
3253,0,3,0.0
3253,0,4,0.5482147463834941
3253,0,5,0.0
3253,4,1,10.898424576252433
3253,4,2,19.401250713239584
3253,4,3,0.3004983625509616
3253,4,4,2.7410737319174903
3253,4,5,0.43605817429235594
3254,-1,1,0.0
3254,-1,2,0.0
3254,-1,3,0.0011565152724414879
3254,-1,4,0.0
3254,-1,5,0.0021562686682422096
3254,0,1,0.0
3254,0,2,0.0
3254,0,3,0.0
3254,0,4,1.328068067318084
3254,0,5,0.0
3254,4,1,3.0584150498204252
3254,4,2,0.49877112501286375
3254,4,3,0.0011565152724414879
3254,4,4,6.640340336590413
3254,4,5,0.0021562686682422096
3256,-1,1,0.0
3256,-1,2,0.0
3256,-1,3,3.1736030115252674
3256,-1,4,0.0
3256,-1,5,1.3823610067934986
3256,0,1,0.0
3256,0,2,0.0
3256,0,3,0.0
3256,0,4,0.3838587041175691
3256,0,5,0.0
3256,4,1,5.48002435802302
3256,4,2,2.127341311696616
3256,4,3,3.1736030115252674
3256,4,4,1.9192935205878554
3256,4,5,1.3823610067934986
3257,-1,1,0.0
3257,-1,2,0.0
3257,-1,3,0.1398652360463464
3257,-1,4,0.0
3257,-1,5,0.13078409587167608
3257,0,1,0.0
3257,0,2,0.0
3257,0,3,0.0
3257,0,4,1.1661194846307692
3257,0,5,0.0
3257,4,1,8.121016370204227
3257,4,2,1.4191765651126245
3257,4,3,0.1398652360463464
3257,4,4,5.830597423153836
3257,4,5,0.13078409587167608
3261,-1,1,0.0
3261,-1,2,0.0
3261,-1,3,0.4361216457786299
3261,-1,4,0.0
3261,-1,5,0.8829728618160066
3261,0,1,0.0
3261,0,2,0.0
3261,0,3,0.0
3261,0,4,0.43363130744480244
3261,0,5,0.0
3261,4,1,5.56131543782032
3261,4,2,4.280479057869467
3261,4,3,0.4361216457786299
3261,4,4,2.168156537224033
3261,4,5,0.8829728618160066
3265,-1,1,0.0
3265,-1,2,0.0
3265,-1,3,0.9502767871953316
3265,-1,4,0.0
3265,-1,5,0.664304105344631
3265,0,1,0.0
3265,0,2,0.0
3265,0,3,0.0
3265,0,4,0.5911388550599557
3265,0,5,0.0
3265,4,1,13.546984697563314
3265,4,2,2.358369520474297
3265,4,3,0.9502767871953316
3265,4,4,2.9556942752997863
3265,4,5,0.664304105344631
3266,-1,1,0.0
3266,-1,2,0.0
3266,-1,3,0.6690427465442483
3266,-1,4,0.0
3266,-1,5,0.0710030751129836
3266,0,1,0.0
3266,0,2,0.0
3266,0,3,0.0
3266,0,4,0.5377789508502694
3266,0,5,0.0
3266,4,1,7.282322504288708
3266,4,2,4.795754724039321
3266,4,3,0.6690427465442483
3266,4,4,2.688894754251357
3266,4,5,0.0710030751129836
3268,-1,1,0.0
3268,-1,2,0.0
3268,-1,3,1.1763966801743246
3268,-1,4,0.0
3268,-1,5,0.02711023664226356
3268,0,1,0.0
3268,0,2,0.0
3268,0,3,0.0
3268,0,4,0.2970046167212649
3268,0,5,0.0
3268,4,1,17.42714826338339
3268,4,2,6.0773729334880855
3268,4,3,1.1763966801743246
3268,4,4,1.485023083606303
3268,4,5,0.02711023664226356
3269,-1,1,0.0
3269,-1,2,0.0
3269,-1,3,0.6904720562123383
3269,-1,4,0.0
3269,-1,5,0.3609276471605157
3269,0,1,0.0
3269,0,2,0.0
3269,0,3,0.0
3269,0,4,0.2152389319681904
3269,0,5,0.0
3269,4,1,7.170498621406431
3269,4,2,0.5168132180086787
3269,4,3,0.6904720562123383
3269,4,4,1.0761946598409597
3269,4,5,0.3609276471605157
3271,-1,1,0.0
3271,-1,2,0.0
3271,-1,3,3.41717607190743
3271,-1,4,0.0
3271,-1,5,0.48741365638450834
3271,0,1,0.0
3271,0,2,0.0
3271,0,3,0.0
3271,0,4,0.7137628265090853
3271,0,5,0.0
3271,4,1,14.259883706800153
3271,4,2,4.052320686052585
3271,4,3,3.41717607190743
3271,4,4,3.5688141325454588
3271,4,5,0.48741365638450834
3272,-1,1,0.0
3272,-1,2,0.0
3272,-1,3,1.5757337077743345
3272,-1,4,0.0
3272,-1,5,0.7321194049936697
3272,0,1,0.0
3272,0,2,0.0
3272,0,3,0.0
3272,0,4,0.39588290804121623
3272,0,5,0.0
3272,4,1,14.70951459827546
3272,4,2,2.5292274822337286
3272,4,3,1.5757337077743345
3272,4,4,1.9794145402060763
3272,4,5,0.7321194049936697
3273,-1,1,0.0
3273,-1,2,0.0
3273,-1,3,0.12958295984917886
3273,-1,4,0.0
3273,-1,5,0.05655924895259995
3273,0,1,0.0
3273,0,2,0.0
3273,0,3,0.0
3273,0,4,0.4291910506543966
3273,0,5,0.0
3273,4,1,10.23325963736318
3273,4,2,1.9246015981331968
3273,4,3,0.12958295984917886
3273,4,4,2.1459552532719472
3273,4,5,0.05655924895259995
3274,-1,1,0.0
3274,-1,2,0.0
3274,-1,3,3.388191341491089
3274,-1,4,0.0
3274,-1,5,0.7861766087727814
3274,0,1,0.0
3274,0,2,0.0
3274,0,3,0.0
3274,0,4,0.7355109200654391
3274,0,5,0.0
3274,4,1,16.042317202053383
3274,4,2,3.565465039072973
3274,4,3,3.388191341491089
3274,4,4,3.6775546003270865
3274,4,5,0.7861766087727814
3275,-1,1,0.0
3275,-1,2,0.0
3275,-1,3,0.023528317159845064
3275,-1,4,0.0
3275,-1,5,0.010175127376900064
3275,0,1,0.0
3275,0,2,0.0
3275,0,3,0.0
3275,0,4,0.2477920761002346
3275,0,5,0.0
3275,4,1,4.8767245506084915
3275,4,2,2.276789587983801
3275,4,3,0.023528317159845064
3275,4,4,1.2389603805011684
3275,4,5,0.010175127376900064
3276,-1,1,0.0
3276,-1,2,0.0
3276,-1,3,0.11563500213781246
3276,-1,4,0.0
3276,-1,5,0.037808707755280495
3276,0,1,0.0
3276,0,2,0.0
3276,0,3,0.0
3276,0,4,0.8434005197682928
3276,0,5,0.0
3276,4,1,8.10049054371127
3276,4,2,0.16678053767365705
3276,4,3,0.11563500213781246
3276,4,4,4.217002598841506
3276,4,5,0.037808707755280495
3277,-1,1,0.0
3277,-1,2,0.0
3277,-1,3,0.0746423672497965
3277,-1,4,0.0
3277,-1,5,0.32836855589092406
3277,0,1,0.0
3277,0,2,0.0
3277,0,3,0.0
3277,0,4,0.41383756921720505
3277,0,5,0.0
3277,4,1,9.477306946523191
3277,4,2,6.468689264345632
3277,4,3,0.0746423672497965
3277,4,4,2.069187846085996
3277,4,5,0.32836855589092406
3278,-1,1,0.0
3278,-1,2,0.0
3278,-1,3,0.14513215263440743
3278,-1,4,0.0
3278,-1,5,0.4413886440375069
3278,0,1,0.0
3278,0,2,0.0
3278,0,3,0.0
3278,0,4,0.4193114624101707
3278,0,5,0.0
3278,4,1,13.608382117067324
3278,4,2,5.661890221999242
3278,4,3,0.14513215263440743
3278,4,4,2.096557312050863
3278,4,5,0.4413886440375069
3280,-1,1,0.0
3280,-1,2,0.0
3280,-1,3,1.9180872176573567
3280,-1,4,0.0
3280,-1,5,0.17004246859772315
3280,0,1,0.0
3280,0,2,0.0
3280,0,3,0.0
3280,0,4,0.9549491986214955
3280,0,5,0.0
3280,4,1,19.342797291092413
3280,4,2,1.75435802430367
3280,4,3,1.9180872176573567
3280,4,4,4.774745993107505
3280,4,5,0.17004246859772315
3281,-1,1,0.0
3281,-1,2,0.0
3281,-1,3,0.17731951069876983
3281,-1,4,0.0
3281,-1,5,0.04504540891724529
3281,0,1,0.0
3281,0,2,0.0
3281,0,3,0.0
3281,0,4,0.4486823536057329
3281,0,5,0.0
3281,4,1,11.73977311871085
3281,4,2,9.157171224664488
3281,4,3,0.17731951069876983
3281,4,4,2.2434117680286167
3281,4,5,0.04504540891724529
3282,-1,1,0.0
3282,-1,2,0.0
3282,-1,3,0.08817590674485017
3282,-1,4,0.0
3282,-1,5,0.04508475611631335
3282,0,1,0.0
3282,0,2,0.0
3282,0,3,0.0
3282,0,4,1.0238774468025462
3282,0,5,0.0
3282,4,1,7.7128666383767355
3282,4,2,0.475497452895592
3282,4,3,0.08817590674485017
3282,4,4,5.119387234012681
3282,4,5,0.04508475611631335
3283,-1,1,0.0
3283,-1,2,0.0
3283,-1,3,2.951036951796376
3283,-1,4,0.0
3283,-1,5,0.6464113966654856
3283,0,1,0.0
3283,0,2,0.0
3283,0,3,0.0
3283,0,4,1.3204330548292111
3283,0,5,0.0
3283,4,1,15.662539377257822
3283,4,2,5.7801390464302544
3283,4,3,2.951036951796376
3283,4,4,6.602165274146057
3283,4,5,0.6464113966654856
3284,-1,1,0.0
3284,-1,2,0.0
3284,-1,3,1.0160575271990266
3284,-1,4,0.0
3284,-1,5,0.7888801477301173
3284,0,1,0.0
3284,0,2,0.0
3284,0,3,0.0
3284,0,4,0.4283958495235932
3284,0,5,0.0
3284,4,1,10.181649457691067
3284,4,2,3.35218640626849
3284,4,3,1.0160575271990266
3284,4,4,2.1419792476179795
3284,4,5,0.7888801477301173
3285,-1,1,0.0
3285,-1,2,0.0
3285,-1,3,0.42305618488820135
3285,-1,4,0.0
3285,-1,5,0.21937539678837714
3285,0,1,0.0
3285,0,2,0.0
3285,0,3,0.0
3285,0,4,0.44730147873764253
3285,0,5,0.0
3285,4,1,7.133113845572872
3285,4,2,2.278343828480267
3285,4,3,0.42305618488820135
3285,4,4,2.236507393688214
3285,4,5,0.21937539678837714
3286,-1,1,0.0
3286,-1,2,0.0
3286,-1,3,0.08000986800620553
3286,-1,4,0.0
3286,-1,5,0.45717485666626473
3286,0,1,0.0
3286,0,2,0.0
3286,0,3,0.0
3286,0,4,0.6944169145905392
3286,0,5,0.0
3286,4,1,12.677168787057465
3286,4,2,0.4273904910358184
3286,4,3,0.08000986800620553
3286,4,4,3.472084572952708
3286,4,5,0.45717485666626473
3287,-1,1,0.0
3287,-1,2,0.0
3287,-1,3,0.44015285240845303
3287,-1,4,0.0
3287,-1,5,0.14548167702646322
3287,0,1,0.0
3287,0,2,0.0
3287,0,3,0.0
3287,0,4,0.9313853944028031
3287,0,5,0.0
3287,4,1,16.591273622776395
3287,4,2,3.294879803327877
3287,4,3,0.44015285240845303
3287,4,4,4.656926972013966
3287,4,5,0.14548167702646322
3288,-1,1,0.0
3288,-1,2,0.0
3288,-1,3,0.37402291390266024
3288,-1,4,0.0
3288,-1,5,1.234036347706518
3288,0,1,0.0
3288,0,2,0.0
3288,0,3,0.0
3288,0,4,0.6662893522424428
3288,0,5,0.0
3288,4,1,12.833405902295329
3288,4,2,1.8419089702890397
3288,4,3,0.37402291390266024
3288,4,4,3.3314467612121974
3288,4,5,1.234036347706518
3290,-1,1,0.0
3290,-1,2,0.0
3290,-1,3,0.054193557995657254
3290,-1,4,0.0
3290,-1,5,0.15300546853190988
3290,0,1,0.0
3290,0,2,0.0
3290,0,3,0.0
3290,0,4,1.3002042457614893
3290,0,5,0.0
3290,4,1,5.790306761866142
3290,4,2,7.937186049097885
3290,4,3,0.054193557995657254
3290,4,4,6.501021228807419
3290,4,5,0.15300546853190988
3291,-1,1,0.0
3291,-1,2,0.0
3291,-1,3,0.007219419281832857
3291,-1,4,0.0
3291,-1,5,0.04075411715408699
3291,0,1,0.0
3291,0,2,0.0
3291,0,3,0.0
3291,0,4,1.5870275745132374
3291,0,5,0.0
3291,4,1,3.4311955466410646
3291,4,2,2.1042677068090665
3291,4,3,0.007219419281832857
3291,4,4,7.935137872566187
3291,4,5,0.04075411715408699
3294,-1,1,0.0
3294,-1,2,0.0
3294,-1,3,0.15130758740429495
3294,-1,4,0.0
3294,-1,5,0.0031182428891342044
3294,0,1,0.0
3294,0,2,0.0
3294,0,3,0.0
3294,0,4,0.9931990026856164
3294,0,5,0.0
3294,4,1,14.452086427533182
3294,4,2,2.4233810106745053
3294,4,3,0.15130758740429495
3294,4,4,4.965995013428072
3294,4,5,0.0031182428891342044
3295,-1,1,0.0
3295,-1,2,0.0
3295,-1,3,0.4939752590141893
3295,-1,4,0.0
3295,-1,5,0.08436937495708666
3295,0,1,0.0
3295,0,2,0.0
3295,0,3,0.0
3295,0,4,0.8991907295451099
3295,0,5,0.0
3295,4,1,12.67341618782431
3295,4,2,7.506870915766881
3295,4,3,0.4939752590141893
3295,4,4,4.495953647725541
3295,4,5,0.08436937495708666
3296,-1,1,0.0
3296,-1,2,0.0
3296,-1,3,0.3053726544588133
3296,-1,4,0.0
3296,-1,5,0.522760361258808
3296,0,1,0.0
3296,0,2,0.0
3296,0,3,0.0
3296,0,4,1.2748080592349327
3296,0,5,0.0
3296,4,1,7.946359527629656
3296,4,2,4.553644158867091
3296,4,3,0.3053726544588133
3296,4,4,6.37404029617468
3296,4,5,0.522760361258808
3297,-1,1,0.0
3297,-1,2,0.0
3297,-1,3,0.5365614628445818
3297,-1,4,0.0
3297,-1,5,0.5183148284923564
3297,0,1,0.0
3297,0,2,0.0
3297,0,3,0.0
3297,0,4,0.2201136285860865
3297,0,5,0.0
3297,4,1,8.954716600625373
3297,4,2,0.325780902069353
3297,4,3,0.5365614628445818
3297,4,4,1.100568142930428
3297,4,5,0.5183148284923564
3298,-1,1,0.0
3298,-1,2,0.0
3298,-1,3,0.0
3298,-1,4,0.0
3298,-1,5,0.0
3298,0,1,0.0
3298,0,2,0.0
3298,0,3,0.0
3298,0,4,0.0
3298,0,5,0.0
3298,4,1,0.0
3298,4,2,0.0
3298,4,3,0.0
3298,4,4,0.0
3298,4,5,0.0
3303,-1,1,0.0
3303,-1,2,0.0
3303,-1,3,0.23763215163907947
3303,-1,4,0.0
3303,-1,5,0.02704276329209046
3303,0,1,0.0
3303,0,2,0.0
3303,0,3,0.0
3303,0,4,0.872331028332522
3303,0,5,0.0
3303,4,1,15.153790242468434
3303,4,2,15.694750164789319
3303,4,3,0.23763215163907947
3303,4,4,4.361655141662656
3303,4,5,0.02704276329209046
3307,-1,1,0.0
3307,-1,2,0.0
3307,-1,3,0.28700377420208323
3307,-1,4,0.0
3307,-1,5,0.07939031975382604
3307,0,1,0.0
3307,0,2,0.0
3307,0,3,0.0
3307,0,4,1.003508935981083
3307,0,5,0.0
3307,4,1,7.169831505243406
3307,4,2,4.766740111950046
3307,4,3,0.28700377420208323
3307,4,4,5.017544679905415
3307,4,5,0.07939031975382604
3308,-1,1,0.0
3308,-1,2,0.0
3308,-1,3,3.3718067830499585
3308,-1,4,0.0
3308,-1,5,0.13876605871512326
3308,0,1,0.0
3308,0,2,0.0
3308,0,3,0.0
3308,0,4,1.1618246015541456
3308,0,5,0.0
3308,4,1,12.636846421000792
3308,4,2,10.358327369057706
3308,4,3,3.3718067830499585
3308,4,4,5.80912300777076
3308,4,5,0.13876605871512326
3309,-1,1,0.0
3309,-1,2,0.0
3309,-1,3,3.3796246189947476
3309,-1,4,0.0
3309,-1,5,0.21503956512997693
3309,0,1,0.0
3309,0,2,0.0
3309,0,3,0.0
3309,0,4,1.1731892462566662
3309,0,5,0.0
3309,4,1,10.153442408468429
3309,4,2,7.596449618812408
3309,4,3,3.3796246189947476
3309,4,4,5.865946231283355
3309,4,5,0.21503956512997693
3310,-1,1,0.0
3310,-1,2,0.0
3310,-1,3,0.1375668405045118
3310,-1,4,0.0
3310,-1,5,0.2411311880572893
3310,0,1,0.0
3310,0,2,0.0
3310,0,3,0.0
3310,0,4,0.7468481985472127
3310,0,5,0.0
3310,4,1,8.108839897230933
3310,4,2,3.6230121263370045
3310,4,3,0.1375668405045118
3310,4,4,3.734240992736056
3310,4,5,0.2411311880572893
3311,-1,1,0.0
3311,-1,2,0.0
3311,-1,3,1.7942130243092627
3311,-1,4,0.0
3311,-1,5,0.18760782477062438
3311,0,1,0.0
3311,0,2,0.0
3311,0,3,0.0
3311,0,4,0.9234156076501173
3311,0,5,0.0
3311,4,1,15.874021335932015
3311,4,2,3.325399301141944
3311,4,3,1.7942130243092627
3311,4,4,4.6170780382505825
3311,4,5,0.18760782477062438
3312,-1,1,0.0
3312,-1,2,0.0
3312,-1,3,1.4945334197633022
3312,-1,4,0.0
3312,-1,5,0.044460728542633624
3312,0,1,0.0
3312,0,2,0.0
3312,0,3,0.0
3312,0,4,0.7646078751969093
3312,0,5,0.0
3312,4,1,10.913067847889193
3312,4,2,2.701754438089993
3312,4,3,1.4945334197633022
3312,4,4,3.823039375984549
3312,4,5,0.044460728542633624
3313,-1,1,0.0
3313,-1,2,0.0
3313,-1,3,0.5085101003181692
3313,-1,4,0.0
3313,-1,5,0.10515558277618148
3313,0,1,0.0
3313,0,2,0.0
3313,0,3,0.0
3313,0,4,0.44040446244295756
3313,0,5,0.0
3313,4,1,11.892265021349973
3313,4,2,1.692833121293613
3313,4,3,0.5085101003181692
3313,4,4,2.2020223122147935
3313,4,5,0.10515558277618148
3314,-1,1,0.0
3314,-1,2,0.0
3314,-1,3,0.08096476920763704
3314,-1,4,0.0
3314,-1,5,0.37873829275672105
3314,0,1,0.0
3314,0,2,0.0
3314,0,3,0.0
3314,0,4,0.8328844565238184
3314,0,5,0.0
3314,4,1,5.394554593801236
3314,4,2,5.86174965573212
3314,4,3,0.08096476920763704
3314,4,4,4.1644222826190775
3314,4,5,0.37873829275672105
3315,-1,1,0.0
3315,-1,2,0.0
3315,-1,3,0.1818314453957055
3315,-1,4,0.0
3315,-1,5,0.12338570983375141
3315,0,1,0.0
3315,0,2,0.0
3315,0,3,0.0
3315,0,4,0.7618893513164077
3315,0,5,0.0
3315,4,1,8.274445022341615
3315,4,2,1.5152637987760091
3315,4,3,0.1818314453957055
3315,4,4,3.8094467565821515
3315,4,5,0.12338570983375141
3316,-1,1,0.0
3316,-1,2,0.0
3316,-1,3,0.4475346738962316
3316,-1,4,0.0
3316,-1,5,0.06521096784943227
3316,0,1,0.0
3316,0,2,0.0
3316,0,3,0.0
3316,0,4,1.4827748644084437
3316,0,5,0.0
3316,4,1,5.592767948953784
3316,4,2,11.364920639642317
3316,4,3,0.4475346738962316
3316,4,4,7.41387432204222
3316,4,5,0.06521096784943227
3317,-1,1,0.0
3317,-1,2,0.0
3317,-1,3,2.129900149941691
3317,-1,4,0.0
3317,-1,5,0.6887982302506224
3317,0,1,0.0
3317,0,2,0.0
3317,0,3,0.0
3317,0,4,1.6519315965295995
3317,0,5,0.0
3317,4,1,14.612356790561778
3317,4,2,6.163437483035823
3317,4,3,2.129900149941691
3317,4,4,8.259657982647987
3317,4,5,0.6887982302506224
3318,-1,1,0.0
3318,-1,2,0.0
3318,-1,3,0.4292981721332657
3318,-1,4,0.0
3318,-1,5,0.10684101593169765
3318,0,1,0.0
3318,0,2,0.0
3318,0,3,0.0
3318,0,4,1.3369986377484715
3318,0,5,0.0
3318,4,1,7.553752484002181
3318,4,2,4.973773211908121
3318,4,3,0.4292981721332657
3318,4,4,6.684993188742377
3318,4,5,0.10684101593169765
3320,-1,1,0.0
3320,-1,2,0.0
3320,-1,3,0.423291731264761
3320,-1,4,0.0
3320,-1,5,0.7334637077324744
3320,0,1,0.0
3320,0,2,0.0
3320,0,3,0.0
3320,0,4,2.296703581330621
3320,0,5,0.0
3320,4,1,9.134430101228629
3320,4,2,1.3232064161770323
3320,4,3,0.423291731264761
3320,4,4,11.483517906653258
3320,4,5,0.7334637077324744
3321,-1,1,0.0
3321,-1,2,0.0
3321,-1,3,0.36074125624493203
3321,-1,4,0.0
3321,-1,5,0.9578888481147073
3321,0,1,0.0
3321,0,2,0.0
3321,0,3,0.0
3321,0,4,1.1317800248648697
3321,0,5,0.0
3321,4,1,13.894297254736582
3321,4,2,14.920314809619741
3321,4,3,0.36074125624493203
3321,4,4,5.658900124324338
3321,4,5,0.9578888481147073
3325,-1,1,0.0
3325,-1,2,0.0
3325,-1,3,0.16076666415561455
3325,-1,4,0.0
3325,-1,5,0.24462799885255332
3325,0,1,0.0
3325,0,2,0.0
3325,0,3,0.0
3325,0,4,0.31206359791535776
3325,0,5,0.0
3325,4,1,7.3574505446202645
3325,4,2,2.124167633587308
3325,4,3,0.16076666415561455
3325,4,4,1.56031798957679
3325,4,5,0.24462799885255332
3326,-1,1,0.0
3326,-1,2,0.0
3326,-1,3,0.0719518186037447
3326,-1,4,0.0
3326,-1,5,0.08806606780100656
3326,0,1,0.0
3326,0,2,0.0
3326,0,3,0.0
3326,0,4,0.0722747932117816
3326,0,5,0.0
3326,4,1,10.992437625248268
3326,4,2,3.8625667749990957
3326,4,3,0.0719518186037447
3326,4,4,0.36137396605890526
3326,4,5,0.08806606780100656
3327,-1,1,0.0
3327,-1,2,0.0
3327,-1,3,0.18878588994942633
3327,-1,4,0.0
3327,-1,5,1.7172076124635354
3327,0,1,0.0
3327,0,2,0.0
3327,0,3,0.0
3327,0,4,0.3107786714846623
3327,0,5,0.0
3327,4,1,6.619327976467326
3327,4,2,3.909066323827662
3327,4,3,0.18878588994942633
3327,4,4,1.5538933574231875
3327,4,5,1.7172076124635354
3330,-1,1,0.0
3330,-1,2,0.0
3330,-1,3,0.008226458788119015
3330,-1,4,0.0
3330,-1,5,0.14503667882862417
3330,0,1,0.0
3330,0,2,0.0
3330,0,3,0.0
3330,0,4,0.4909776926101317
3330,0,5,0.0
3330,4,1,9.032340883943396
3330,4,2,15.55152226296372
3330,4,3,0.008226458788119015
3330,4,4,2.4548884630507106
3330,4,5,0.14503667882862417
3331,-1,1,0.0
3331,-1,2,0.0
3331,-1,3,1.1312943866267855
3331,-1,4,0.0
3331,-1,5,0.7296897327660218
3331,0,1,0.0
3331,0,2,0.0
3331,0,3,0.0
3331,0,4,0.24670769745772886
3331,0,5,0.0
3331,4,1,7.333905275649826
3331,4,2,1.1227441987929945
3331,4,3,1.1312943866267855
3331,4,4,1.233538487288651
3331,4,5,0.7296897327660218
3332,-1,1,0.0
3332,-1,2,0.0
3332,-1,3,0.705682652202049
3332,-1,4,0.0
3332,-1,5,0.4446399717396067
3332,0,1,0.0
3332,0,2,0.0
3332,0,3,0.0
3332,0,4,0.48959462275287485
3332,0,5,0.0
3332,4,1,12.402694746479218
3332,4,2,10.079759627295907
3332,4,3,0.705682652202049
3332,4,4,2.4479731137644616
3332,4,5,0.4446399717396067
3333,-1,1,0.0
3333,-1,2,0.0
3333,-1,3,0.00010565204102264441
3333,-1,4,0.0
3333,-1,5,0.08959572611416305
3333,0,1,0.0
3333,0,2,0.0
3333,0,3,0.0
3333,0,4,1.5043422835366642
3333,0,5,0.0
3333,4,1,7.235164582158133
3333,4,2,0.20975379500866206
3333,4,3,0.00010565204102264441
3333,4,4,7.521711417683297
3333,4,5,0.08959572611416305
3334,-1,1,0.0
3334,-1,2,0.0
3334,-1,3,0.0
3334,-1,4,0.0
3334,-1,5,0.0006805083542023797
3334,0,1,0.0
3334,0,2,0.0
3334,0,3,0.0
3334,0,4,0.8854925522895252
3334,0,5,0.0
3334,4,1,2.22439327111693
3334,4,2,0.007320002041888893
3334,4,3,0.0
3334,4,4,4.427462761447628
3334,4,5,0.0006805083542023797
3336,-1,1,0.0
3336,-1,2,0.0
3336,-1,3,1.2905663083213041
3336,-1,4,0.0
3336,-1,5,0.2955938689634439
3336,0,1,0.0
3336,0,2,0.0
3336,0,3,0.0
3336,0,4,0.46575408488245323
3336,0,5,0.0
3336,4,1,7.340728327301175
3336,4,2,1.256562463611972
3336,4,3,1.2905663083213041
3336,4,4,2.328770424412273
3336,4,5,0.2955938689634439
3338,-1,1,0.0
3338,-1,2,0.0
3338,-1,3,0.695278671063987
3338,-1,4,0.0
3338,-1,5,1.187767231832869
3338,0,1,0.0
3338,0,2,0.0
3338,0,3,0.0
3338,0,4,0.4730034303411261
3338,0,5,0.0
3338,4,1,14.641623090444181
3338,4,2,0.8080652448608435
3338,4,3,0.695278671063987
3338,4,4,2.365017151705506
3338,4,5,1.187767231832869
3341,-1,1,0.0
3341,-1,2,0.0
3341,-1,3,1.290354032171513
3341,-1,4,0.0
3341,-1,5,1.117121157379223
3341,0,1,0.0
3341,0,2,0.0
3341,0,3,0.0
3341,0,4,0.5173427282470139
3341,0,5,0.0
3341,4,1,20.045297145138925
3341,4,2,3.5277202815850477
3341,4,3,1.290354032171513
3341,4,4,2.586713641235055
3341,4,5,1.117121157379223
3343,-1,1,0.0
3343,-1,2,0.0
3343,-1,3,0.7134616285771576
3343,-1,4,0.0
3343,-1,5,0.14062561547080213
3343,0,1,0.0
3343,0,2,0.0
3343,0,3,0.0
3343,0,4,0.5052055790860291
3343,0,5,0.0
3343,4,1,8.18079566953002
3343,4,2,3.920089146360787
3343,4,3,0.7134616285771576
3343,4,4,2.526027895430184
3343,4,5,0.14062561547080213
3347,-1,1,0.0
3347,-1,2,0.0
3347,-1,3,0.14780457175549766
3347,-1,4,0.0
3347,-1,5,0.08695487835817402
3347,0,1,0.0
3347,0,2,0.0
3347,0,3,0.0
3347,0,4,0.276234663270579
3347,0,5,0.0
3347,4,1,11.416952119014654
3347,4,2,0.054371184976033944
3347,4,3,0.14780457175549766
3347,4,4,1.3811733163527953
3347,4,5,0.08695487835817402
3349,-1,1,0.0
3349,-1,2,0.0
3349,-1,3,0.27428779544949666
3349,-1,4,0.0
3349,-1,5,0.5893549711088697
3349,0,1,0.0
3349,0,2,0.0
3349,0,3,0.0
3349,0,4,1.0976404053913649
3349,0,5,0.0
3349,4,1,9.676512025765035
3349,4,2,2.0094976758849623
3349,4,3,0.27428779544949666
3349,4,4,5.488202026956533
3349,4,5,0.5893549711088697
3350,-1,1,0.0
3350,-1,2,0.0
3350,-1,3,0.8130461682417128
3350,-1,4,0.0
3350,-1,5,0.22807550599016074
3350,0,1,0.0
3350,0,2,0.0
3350,0,3,0.0
3350,0,4,0.6883778901545121
3350,0,5,0.0
3350,4,1,10.749687522825566
3350,4,2,1.5234362973531015
3350,4,3,0.8130461682417128
3350,4,4,3.4418894507725324
3350,4,5,0.22807550599016074
3351,-1,1,0.0
3351,-1,2,0.0
3351,-1,3,0.5020302542388779
3351,-1,4,0.0
3351,-1,5,0.03118279097673111
3351,0,1,0.0
3351,0,2,0.0
3351,0,3,0.0
3351,0,4,0.2961323814379997
3351,0,5,0.0
3351,4,1,10.621789539154197
3351,4,2,0.04538279412087222
3351,4,3,0.5020302542388779
3351,4,4,1.4806619071900073
3351,4,5,0.03118279097673111
3352,-1,1,0.0
3352,-1,2,0.0
3352,-1,3,0.07473257360310456
3352,-1,4,0.0
3352,-1,5,0.2647204937148958
3352,0,1,0.0
3352,0,2,0.0
3352,0,3,0.0
3352,0,4,0.5352828924128518
3352,0,5,0.0
3352,4,1,10.886437172276407
3352,4,2,15.300791212852797
3352,4,3,0.07473257360310456
3352,4,4,2.6764144620642356
3352,4,5,0.2647204937148958
3353,-1,1,0.0
3353,-1,2,0.0
3353,-1,3,0.35253475602997153
3353,-1,4,0.0
3353,-1,5,0.43142945094316204
3353,0,1,0.0
3353,0,2,0.0
3353,0,3,0.0
3353,0,4,0.45761984266661815
3353,0,5,0.0
3353,4,1,10.931900601241011
3353,4,2,15.374937699744851
3353,4,3,0.35253475602997153
3353,4,4,2.288099213333142
3353,4,5,0.43142945094316204
3356,-1,1,0.0
3356,-1,2,0.0
3356,-1,3,0.3808761364415382
3356,-1,4,0.0
3356,-1,5,0.6036366652358601
3356,0,1,0.0
3356,0,2,0.0
3356,0,3,0.0
3356,0,4,0.5436994527992617
3356,0,5,0.0
3356,4,1,11.69616877029829
3356,4,2,16.790972574825805
3356,4,3,0.3808761364415382
3356,4,4,2.7184972639966216
3356,4,5,0.6036366652358601
3357,-1,1,0.0
3357,-1,2,0.0
3357,-1,3,0.20516958443744787
3357,-1,4,0.0
3357,-1,5,0.026524138038595216
3357,0,1,0.0
3357,0,2,0.0
3357,0,3,0.0
3357,0,4,0.1059824131771422
3357,0,5,0.0
3357,4,1,11.206252738985762
3357,4,2,10.35977014168625
3357,4,3,0.20516958443744787
3357,4,4,0.5299120658857114
3357,4,5,0.026524138038595216
3359,-1,1,0.0
3359,-1,2,0.0
3359,-1,3,0.6523262359426606
3359,-1,4,0.0
3359,-1,5,1.2624265662705783
3359,0,1,0.0
3359,0,2,0.0
3359,0,3,0.0
3359,0,4,0.5911095988419223
3359,0,5,0.0
3359,4,1,10.490699181817604
3359,4,2,20.62502441695285
3359,4,3,0.6523262359426606
3359,4,4,2.955547994209482
3359,4,5,1.2624265662705783
3360,-1,1,0.0
3360,-1,2,0.0
3360,-1,3,0.22391061279729407
3360,-1,4,0.0
3360,-1,5,2.164990064651
3360,0,1,0.0
3360,0,2,0.0
3360,0,3,0.0
3360,0,4,0.8887257687665282
3360,0,5,0.0
3360,4,1,9.452610173078428
3360,4,2,18.016114896511844
3360,4,3,0.22391061279729407
3360,4,4,4.443628843832561
3360,4,5,2.164990064651
3361,-1,1,0.0
3361,-1,2,0.0
3361,-1,3,0.03213736111528103
3361,-1,4,0.0
3361,-1,5,0.05261464685469249
3361,0,1,0.0
3361,0,2,0.0
3361,0,3,0.0
3361,0,4,1.0844829441470019
3361,0,5,0.0
3361,4,1,7.830654392048962
3361,4,2,2.7394379762063297
3361,4,3,0.03213736111528103
3361,4,4,5.422414720735125
3361,4,5,0.05261464685469249
3363,-1,1,0.0
3363,-1,2,0.0
3363,-1,3,0.4243167849026086
3363,-1,4,0.0
3363,-1,5,0.8804392994447638
3363,0,1,0.0
3363,0,2,0.0
3363,0,3,0.0
3363,0,4,0.6786327991460146
3363,0,5,0.0
3363,4,1,9.24319259692097
3363,4,2,21.893011637047728
3363,4,3,0.4243167849026086
3363,4,4,3.3931639957301076
3363,4,5,0.8804392994447638
3364,-1,1,0.0
3364,-1,2,0.0
3364,-1,3,0.11205766569286026
3364,-1,4,0.0
3364,-1,5,0.009765170064942368
3364,0,1,0.0
3364,0,2,0.0
3364,0,3,0.0
3364,0,4,0.655886256951583
3364,0,5,0.0
3364,4,1,9.25128655742184
3364,4,2,3.359567579268086
3364,4,3,0.11205766569286026
3364,4,4,3.279431284757911
3364,4,5,0.009765170064942368
3366,-1,1,0.0
3366,-1,2,0.0
3366,-1,3,0.003972760131614178
3366,-1,4,0.0
3366,-1,5,0.13895503685168303
3366,0,1,0.0
3366,0,2,0.0
3366,0,3,0.0
3366,0,4,1.5432334058978114
3366,0,5,0.0
3366,4,1,11.392886875149449
3366,4,2,1.7369484830956172
3366,4,3,0.003972760131614178
3366,4,4,7.716167029489187
3366,4,5,0.13895503685168303
3367,-1,1,0.0
3367,-1,2,0.0
3367,-1,3,0.47899580245006435
3367,-1,4,0.0
3367,-1,5,0.32907550511431183
3367,0,1,0.0
3367,0,2,0.0
3367,0,3,0.0
3367,0,4,0.5367503410119496
3367,0,5,0.0
3367,4,1,9.228853454070249
3367,4,2,13.82233116948511
3367,4,3,0.47899580245006435
3367,4,4,2.6837517050597457
3367,4,5,0.32907550511431183
3369,-1,1,0.0
3369,-1,2,0.0
3369,-1,3,0.08259877539716946
3369,-1,4,0.0
3369,-1,5,0.03435612111285041
3369,0,1,0.0
3369,0,2,0.0
3369,0,3,0.0
3369,0,4,0.4887277836926305
3369,0,5,0.0
3369,4,1,2.8791347791365425
3369,4,2,0.0544631761303842
3369,4,3,0.08259877539716946
3369,4,4,2.443638918463179
3369,4,5,0.03435612111285041
3370,-1,1,0.0
3370,-1,2,0.0
3370,-1,3,0.5244480317078969
3370,-1,4,0.0
3370,-1,5,1.7569609248562412
3370,0,1,0.0
3370,0,2,0.0
3370,0,3,0.0
3370,0,4,1.057214259409709
3370,0,5,0.0
3370,4,1,13.602735611805967
3370,4,2,20.436263536845765
3370,4,3,0.5244480317078969
3370,4,4,5.286071297048403
3370,4,5,1.7569609248562412
3371,-1,1,0.0
3371,-1,2,0.0
3371,-1,3,0.4256713420471261
3371,-1,4,0.0
3371,-1,5,0.04092715914820918
3371,0,1,0.0
3371,0,2,0.0
3371,0,3,0.0
3371,0,4,1.8554708513315987
3371,0,5,0.0
3371,4,1,6.839897843049005
3371,4,2,1.2025238516167396
3371,4,3,0.4256713420471261
3371,4,4,9.277354256658231
3371,4,5,0.04092715914820918
3372,-1,1,0.0
3372,-1,2,0.0
3372,-1,3,0.27192232688820667
3372,-1,4,0.0
3372,-1,5,0.0007326089003930719
3372,0,1,0.0
3372,0,2,0.0
3372,0,3,0.0
3372,0,4,1.4442233562788154
3372,0,5,0.0
3372,4,1,5.100335775505493
3372,4,2,1.3332106666274584
3372,4,3,0.27192232688820667
3372,4,4,7.221116781394084
3372,4,5,0.0007326089003930719
3379,-1,1,0.0
3379,-1,2,0.0
3379,-1,3,0.08361622286936074
3379,-1,4,0.0
3379,-1,5,0.04327146121118718
3379,0,1,0.0
3379,0,2,0.0
3379,0,3,0.0
3379,0,4,1.53987875088654
3379,0,5,0.0
3379,4,1,10.378411487689998
3379,4,2,1.1577367077167637
3379,4,3,0.08361622286936074
3379,4,4,7.699393754432701
3379,4,5,0.04327146121118718
3380,-1,1,0.0
3380,-1,2,0.0
3380,-1,3,1.0573205813574167
3380,-1,4,0.0
3380,-1,5,0.003979468730598102
3380,0,1,0.0
3380,0,2,0.0
3380,0,3,0.0
3380,0,4,1.6317575931717803
3380,0,5,0.0
3380,4,1,13.215251688604429
3380,4,2,0.3997845592575757
3380,4,3,1.0573205813574167
3380,4,4,8.158787965858876
3380,4,5,0.003979468730598102
3381,-1,1,0.0
3381,-1,2,0.0
3381,-1,3,0.7448643787065271
3381,-1,4,0.0
3381,-1,5,0.32270313814813684
3381,0,1,0.0
3381,0,2,0.0
3381,0,3,0.0
3381,0,4,0.8106947438928186
3381,0,5,0.0
3381,4,1,9.229289275348581
3381,4,2,5.248618251493758
3381,4,3,0.7448643787065271
3381,4,4,4.053473719464078
3381,4,5,0.32270313814813684
3382,-1,1,0.0
3382,-1,2,0.0
3382,-1,3,0.5508864408784956
3382,-1,4,0.0
3382,-1,5,0.10597968742549056
3382,0,1,0.0
3382,0,2,0.0
3382,0,3,0.0
3382,0,4,0.9588694083412989
3382,0,5,0.0
3382,4,1,6.764644802994275
3382,4,2,2.02624677983316
3382,4,3,0.5508864408784956
3382,4,4,4.794347041706505
3382,4,5,0.10597968742549056
3383,-1,1,0.0
3383,-1,2,0.0
3383,-1,3,0.5275090769048479
3383,-1,4,0.0
3383,-1,5,0.18136409454234026
3383,0,1,0.0
3383,0,2,0.0
3383,0,3,0.0
3383,0,4,0.26457029650507025
3383,0,5,0.0
3383,4,1,4.09784603483208
3383,4,2,3.312282012883551
3383,4,3,0.5275090769048479
3383,4,4,1.3228514825253337
3383,4,5,0.18136409454234026
3384,-1,1,0.0
3384,-1,2,0.0
3384,-1,3,0.0015755000349840685
3384,-1,4,0.0
3384,-1,5,0.0853087649460032
3384,0,1,0.0
3384,0,2,0.0
3384,0,3,0.0
3384,0,4,2.214798298051748
3384,0,5,0.0
3384,4,1,4.252261874849506
3384,4,2,0.011066776534972124
3384,4,3,0.0015755000349840685
3384,4,4,11.073991490258432
3384,4,5,0.0853087649460032
3385,-1,1,0.0
3385,-1,2,0.0
3385,-1,3,0.6592741130601063
3385,-1,4,0.0
3385,-1,5,0.18708866932590623
3385,0,1,0.0
3385,0,2,0.0
3385,0,3,0.0
3385,0,4,0.38869773803256624
3385,0,5,0.0
3385,4,1,10.467256989611359
3385,4,2,6.501138114263415
3385,4,3,0.6592741130601063
3385,4,4,1.9434886901628332
3385,4,5,0.18708866932590623
3386,-1,1,0.0
3386,-1,2,0.0
3386,-1,3,0.24202113217159535
3386,-1,4,0.0
3386,-1,5,0.13952994754121226
3386,0,1,0.0
3386,0,2,0.0
3386,0,3,0.0
3386,0,4,1.402153475906815
3386,0,5,0.0
3386,4,1,7.207957725476828
3386,4,2,1.9664469015599362
3386,4,3,0.24202113217159535
3386,4,4,7.010767379533852
3386,4,5,0.13952994754121226
3387,-1,1,0.0
3387,-1,2,0.0
3387,-1,3,2.1586100854508476
3387,-1,4,0.0
3387,-1,5,0.2874951130223665
3387,0,1,0.0
3387,0,2,0.0
3387,0,3,0.0
3387,0,4,1.2635193198082584
3387,0,5,0.0
3387,4,1,11.35121154624012
3387,4,2,2.2824883159823504
3387,4,3,2.1586100854508476
3387,4,4,6.317596599041278
3387,4,5,0.2874951130223665
3388,-1,1,0.0
3388,-1,2,0.0
3388,-1,3,2.909862071149112
3388,-1,4,0.0
3388,-1,5,0.047449017850525264
3388,0,1,0.0
3388,0,2,0.0
3388,0,3,0.0
3388,0,4,0.6710235716859067
3388,0,5,0.0
3388,4,1,17.315029997878714
3388,4,2,3.181662273624903
3388,4,3,2.909862071149112
3388,4,4,3.3551178584295065
3388,4,5,0.047449017850525264
3389,-1,1,0.0
3389,-1,2,0.0
3389,-1,3,0.20541858598032964
3389,-1,4,0.0
3389,-1,5,0.48364189875931884
3389,0,1,0.0
3389,0,2,0.0
3389,0,3,0.0
3389,0,4,1.0106626658061573
3389,0,5,0.0
3389,4,1,9.562474832484925
3389,4,2,5.940014904472514
3389,4,3,0.20541858598032964
3389,4,4,5.053313329030662
3389,4,5,0.48364189875931884
3390,-1,1,0.0
3390,-1,2,0.0
3390,-1,3,1.1040624236787426
3390,-1,4,0.0
3390,-1,5,0.02051673120609741
3390,0,1,0.0
3390,0,2,0.0
3390,0,3,0.0
3390,0,4,0.9687720176792831
3390,0,5,0.0
3390,4,1,13.562553129257264
3390,4,2,6.809976886306718
3390,4,3,1.1040624236787426
3390,4,4,4.843860088396167
3390,4,5,0.02051673120609741
3391,-1,1,0.0
3391,-1,2,0.0
3391,-1,3,0.4404742433925423
3391,-1,4,0.0
3391,-1,5,0.01588136537688115
3391,0,1,0.0
3391,0,2,0.0
3391,0,3,0.0
3391,0,4,0.4477273313111664
3391,0,5,0.0
3391,4,1,9.90421154599965
3391,4,2,0.01549349155916982
3391,4,3,0.4404742433925423
3391,4,4,2.2386366565558284
3391,4,5,0.01588136537688115
3392,-1,1,0.0
3392,-1,2,0.0
3392,-1,3,0.756678127962003
3392,-1,4,0.0
3392,-1,5,0.956717100398653
3392,0,1,0.0
3392,0,2,0.0
3392,0,3,0.0
3392,0,4,0.8757839766689977
3392,0,5,0.0
3392,4,1,10.726302343171342
3392,4,2,16.6232416146233
3392,4,3,0.756678127962003
3392,4,4,4.378919883344958
3392,4,5,0.956717100398653
3394,-1,1,0.0
3394,-1,2,0.0
3394,-1,3,0.5838191254582992
3394,-1,4,0.0
3394,-1,5,0.097506605540912
3394,0,1,0.0
3394,0,2,0.0
3394,0,3,0.0
3394,0,4,0.49789774567750594
3394,0,5,0.0
3394,4,1,22.678838453754693
3394,4,2,1.7713591386705876
3394,4,3,0.5838191254582992
3394,4,4,2.489488728387469
3394,4,5,0.097506605540912
3395,-1,1,0.0
3395,-1,2,0.0
3395,-1,3,0.036712871181195046
3395,-1,4,0.0
3395,-1,5,0.07504983679483411
3395,0,1,0.0
3395,0,2,0.0
3395,0,3,0.0
3395,0,4,0.9201766421350794
3395,0,5,0.0
3395,4,1,12.02977116595472
3395,4,2,7.2158610070874944
3395,4,3,0.036712871181195046
3395,4,4,4.600883210675368
3395,4,5,0.07504983679483411
3396,-1,1,0.0
3396,-1,2,0.0
3396,-1,3,0.5818083499786374
3396,-1,4,0.0
3396,-1,5,0.4146413404023639
3396,0,1,0.0
3396,0,2,0.0
3396,0,3,0.0
3396,0,4,0.8349916456407287
3396,0,5,0.0
3396,4,1,15.18568938626161
3396,4,2,12.747876202070378
3396,4,3,0.5818083499786374
3396,4,4,4.174958228203576
3396,4,5,0.4146413404023639
3399,-1,1,0.0
3399,-1,2,0.0
3399,-1,3,0.3059783676393456
3399,-1,4,0.0
3399,-1,5,1.27654283953084
3399,0,1,0.0
3399,0,2,0.0
3399,0,3,0.0
3399,0,4,1.0935302459131062
3399,0,5,0.0
3399,4,1,13.475145248238684
3399,4,2,7.5222607987961725
3399,4,3,0.3059783676393456
3399,4,4,5.467651229565572
3399,4,5,1.27654283953084
3401,-1,1,0.0
3401,-1,2,0.0
3401,-1,3,0.48151165978900956
3401,-1,4,0.0
3401,-1,5,0.2803652643642209
3401,0,1,0.0
3401,0,2,0.0
3401,0,3,0.0
3401,0,4,1.446366344120583
3401,0,5,0.0
3401,4,1,7.383189461718177
3401,4,2,3.5607593058641505
3401,4,3,0.48151165978900956
3401,4,4,7.231831720602978
3401,4,5,0.2803652643642209
3404,-1,1,0.0
3404,-1,2,0.0
3404,-1,3,0.18816490064271846
3404,-1,4,0.0
3404,-1,5,0.5086029208212695
3404,0,1,0.0
3404,0,2,0.0
3404,0,3,0.0
3404,0,4,1.3805542215984874
3404,0,5,0.0
3404,4,1,11.748180521985484
3404,4,2,3.1877000204698156
3404,4,3,0.18816490064271846
3404,4,4,6.902771107993016
3404,4,5,0.5086029208212695
3405,-1,1,0.0
3405,-1,2,0.0
3405,-1,3,0.9294850565079015
3405,-1,4,0.0
3405,-1,5,0.7540474180745951
3405,0,1,0.0
3405,0,2,0.0
3405,0,3,0.0
3405,0,4,0.6403923449964828
3405,0,5,0.0
3405,4,1,10.120879079591043
3405,4,2,15.640680780619556
3405,4,3,0.9294850565079015
3405,4,4,3.2019617249825743
3405,4,5,0.7540474180745951
3406,-1,1,0.0
3406,-1,2,0.0
3406,-1,3,0.473582129574186
3406,-1,4,0.0
3406,-1,5,0.3832700096074398
3406,0,1,0.0
3406,0,2,0.0
3406,0,3,0.0
3406,0,4,1.2862065968479917
3406,0,5,0.0
3406,4,1,15.755018230939895
3406,4,2,8.026597204055104
3406,4,3,0.473582129574186
3406,4,4,6.431032984239564
3406,4,5,0.3832700096074398
3407,-1,1,0.0
3407,-1,2,0.0
3407,-1,3,0.686464099748095
3407,-1,4,0.0
3407,-1,5,1.508470291689094
3407,0,1,0.0
3407,0,2,0.0
3407,0,3,0.0
3407,0,4,0.7814866715348681
3407,0,5,0.0
3407,4,1,14.377649979526925
3407,4,2,9.194899019943024
3407,4,3,0.686464099748095
3407,4,4,3.907433357674178
3407,4,5,1.508470291689094
3412,-1,1,0.0
3412,-1,2,0.0
3412,-1,3,0.9519180240742732
3412,-1,4,0.0
3412,-1,5,0.1775510812582013
3412,0,1,0.0
3412,0,2,0.0
3412,0,3,0.0
3412,0,4,0.6307023315269709
3412,0,5,0.0
3412,4,1,7.521368086851011
3412,4,2,3.392388605791054
3412,4,3,0.9519180240742732
3412,4,4,3.1535116576348874
3412,4,5,0.1775510812582013
3413,-1,1,0.0
3413,-1,2,0.0
3413,-1,3,0.37450961642800634
3413,-1,4,0.0
3413,-1,5,0.8654550954538976
3413,0,1,0.0
3413,0,2,0.0
3413,0,3,0.0
3413,0,4,0.6905684864449256
3413,0,5,0.0
3413,4,1,11.973941217903953
3413,4,2,1.3894874285402286
3413,4,3,0.37450961642800634
3413,4,4,3.452842432224635
3413,4,5,0.8654550954538976
3414,-1,1,0.0
3414,-1,2,0.0
3414,-1,3,0.90950801487032
3414,-1,4,0.0
3414,-1,5,0.19435930262981127
3414,0,1,0.0
3414,0,2,0.0
3414,0,3,0.0
3414,0,4,0.35387207572120205
3414,0,5,0.0
3414,4,1,10.415892442406674
3414,4,2,0.5407481567182773
3414,4,3,0.90950801487032
3414,4,4,1.7693603786060192
3414,4,5,0.19435930262981127
3415,-1,1,0.0
3415,-1,2,0.0
3415,-1,3,1.6110759817249272
3415,-1,4,0.0
3415,-1,5,0.6485849982931752
3415,0,1,0.0
3415,0,2,0.0
3415,0,3,0.0
3415,0,4,0.33015139923124814
3415,0,5,0.0
3415,4,1,11.634587281901624
3415,4,2,10.11414613598127
3415,4,3,1.6110759817249272
3415,4,4,1.650756996156222
3415,4,5,0.6485849982931752
3416,-1,1,0.0
3416,-1,2,0.0
3416,-1,3,0.1674896337228477
3416,-1,4,0.0
3416,-1,5,0.27040681964805635
3416,0,1,0.0
3416,0,2,0.0
3416,0,3,0.0
3416,0,4,0.6103234830316965
3416,0,5,0.0
3416,4,1,10.474265197840511
3416,4,2,9.751148223517141
3416,4,3,0.1674896337228477
3416,4,4,3.0516174151584936
3416,4,5,0.27040681964805635
3417,-1,1,0.0
3417,-1,2,0.0
3417,-1,3,0.01074867737127113
3417,-1,4,0.0
3417,-1,5,0.005993983106489379
3417,0,1,0.0
3417,0,2,0.0
3417,0,3,0.0
3417,0,4,1.4424994677977494
3417,0,5,0.0
3417,4,1,7.7495124912770725
3417,4,2,0.20328035830820845
3417,4,3,0.01074867737127113
3417,4,4,7.212497338988745
3417,4,5,0.005993983106489379
3418,-1,1,0.0
3418,-1,2,0.0
3418,-1,3,0.00040375921675139825
3418,-1,4,0.0
3418,-1,5,0.002225985640729532
3418,0,1,0.0
3418,0,2,0.0
3418,0,3,0.0
3418,0,4,1.0334641632241948
3418,0,5,0.0
3418,4,1,2.8931398055298065
3418,4,2,0.017618409241333708
3418,4,3,0.00040375921675139825
3418,4,4,5.167320816120976
3418,4,5,0.002225985640729532
3420,-1,1,0.0
3420,-1,2,0.0
3420,-1,3,0.35924719173475583
3420,-1,4,0.0
3420,-1,5,0.09136873138993656
3420,0,1,0.0
3420,0,2,0.0
3420,0,3,0.0
3420,0,4,0.47398231292812787
3420,0,5,0.0
3420,4,1,12.140812903057132
3420,4,2,24.282408589947508
3420,4,3,0.35924719173475583
3420,4,4,2.369911564640788
3420,4,5,0.09136873138993656
3422,-1,1,0.0
3422,-1,2,0.0
3422,-1,3,0.34474564437343225
3422,-1,4,0.0
3422,-1,5,0.8883946338418411
3422,0,1,0.0
3422,0,2,0.0
3422,0,3,0.0
3422,0,4,0.35332762895796255
3422,0,5,0.0
3422,4,1,20.798672533186338
3422,4,2,2.590972430394468
3422,4,3,0.34474564437343225
3422,4,4,1.766638144789824
3422,4,5,0.8883946338418411
3423,-1,1,0.0
3423,-1,2,0.0
3423,-1,3,0.05440804647112757
3423,-1,4,0.0
3423,-1,5,0.017781969546162842
3423,0,1,0.0
3423,0,2,0.0
3423,0,3,0.0
3423,0,4,0.7663796840366329
3423,0,5,0.0
3423,4,1,11.15849982748075
3423,4,2,1.0244800907476108
3423,4,3,0.05440804647112757
3423,4,4,3.831898420183151
3423,4,5,0.017781969546162842
3424,-1,1,0.0
3424,-1,2,0.0
3424,-1,3,0.2608595246086244
3424,-1,4,0.0
3424,-1,5,0.4471064081817514
3424,0,1,0.0
3424,0,2,0.0
3424,0,3,0.0
3424,0,4,0.49755709531014436
3424,0,5,0.0
3424,4,1,8.28034965376612
3424,4,2,0.49610472398973715
3424,4,3,0.2608595246086244
3424,4,4,2.4877854765506555
3424,4,5,0.4471064081817514
3425,-1,1,0.0
3425,-1,2,0.0
3425,-1,3,0.1967762011450645
3425,-1,4,0.0
3425,-1,5,0.0416141348854999
3425,0,1,0.0
3425,0,2,0.0
3425,0,3,0.0
3425,0,4,0.8518372332021557
3425,0,5,0.0
3425,4,1,7.320697942443775
3425,4,2,4.441665454982032
3425,4,3,0.1967762011450645
3425,4,4,4.25918616601074
3425,4,5,0.0416141348854999
3426,-1,1,0.0
3426,-1,2,0.0
3426,-1,3,2.417171017269441
3426,-1,4,0.0
3426,-1,5,0.29657083498806686
3426,0,1,0.0
3426,0,2,0.0
3426,0,3,0.0
3426,0,4,0.8321292355182529
3426,0,5,0.0
3426,4,1,12.878861100120181
3426,4,2,9.39019532109715
3426,4,3,2.417171017269441
3426,4,4,4.16064617759131
3426,4,5,0.29657083498806686
3427,-1,1,0.0
3427,-1,2,0.0
3427,-1,3,2.0817890706742674
3427,-1,4,0.0
3427,-1,5,0.614070847553117
3427,0,1,0.0
3427,0,2,0.0
3427,0,3,0.0
3427,0,4,0.3031226160621326
3427,0,5,0.0
3427,4,1,8.527957261632693
3427,4,2,1.4282585018468212
3427,4,3,2.0817890706742674
3427,4,4,1.5156130803106183
3427,4,5,0.614070847553117
3435,-1,1,0.0
3435,-1,2,0.0
3435,-1,3,0.42219920644980596
3435,-1,4,0.0
3435,-1,5,0.0349833244913246
3435,0,1,0.0
3435,0,2,0.0
3435,0,3,0.0
3435,0,4,0.964876505775566
3435,0,5,0.0
3435,4,1,14.233718331702708
3435,4,2,6.631585395752318
3435,4,3,0.42219920644980596
3435,4,4,4.82438252887777
3435,4,5,0.0349833244913246
3436,-1,1,0.0
3436,-1,2,0.0
3436,-1,3,0.3983059045437334
3436,-1,4,0.0
3436,-1,5,0.167557487650247
3436,0,1,0.0
3436,0,2,0.0
3436,0,3,0.0
3436,0,4,0.8033722658574426
3436,0,5,0.0
3436,4,1,11.463509286639718
3436,4,2,13.306511962071538
3436,4,3,0.3983059045437334
3436,4,4,4.016861329287274
3436,4,5,0.167557487650247
3437,-1,1,0.0
3437,-1,2,0.0
3437,-1,3,0.6412061066037137
3437,-1,4,0.0
3437,-1,5,0.07751939087838802
3437,0,1,0.0
3437,0,2,0.0
3437,0,3,0.0
3437,0,4,0.6514658516216911
3437,0,5,0.0
3437,4,1,9.326357906157314
3437,4,2,6.0723638730609215
3437,4,3,0.6412061066037137
3437,4,4,3.25732925810844
3437,4,5,0.07751939087838802
3438,-1,1,0.0
3438,-1,2,0.0
3438,-1,3,0.004522167289466759
3438,-1,4,0.0
3438,-1,5,0.06520216286587402
3438,0,1,0.0
3438,0,2,0.0
3438,0,3,0.0
3438,0,4,0.2635443623994229
3438,0,5,0.0
3438,4,1,4.849649270840292
3438,4,2,1.5782656652614753
3438,4,3,0.004522167289466759
3438,4,4,1.3177218119971175
3438,4,5,0.06520216286587402
3440,-1,1,0.0
3440,-1,2,0.0
3440,-1,3,0.2481290357724027
3440,-1,4,0.0
3440,-1,5,0.00885739530560163
3440,0,1,0.0
3440,0,2,0.0
3440,0,3,0.0
3440,0,4,1.2733820211783204
3440,0,5,0.0
3440,4,1,11.31656205558062
3440,4,2,2.6157918895459558
3440,4,3,0.2481290357724027
3440,4,4,6.366910105891523
3440,4,5,0.00885739530560163
3441,-1,1,0.0
3441,-1,2,0.0
3441,-1,3,0.10636187629584186
3441,-1,4,0.0
3441,-1,5,0.6334049059465287
3441,0,1,0.0
3441,0,2,0.0
3441,0,3,0.0
3441,0,4,1.2672934739344317
3441,0,5,0.0
3441,4,1,8.561580323899646
3441,4,2,7.857364714978829
3441,4,3,0.10636187629584186
3441,4,4,6.336467369672174
3441,4,5,0.6334049059465287
3445,-1,1,0.0
3445,-1,2,0.0
3445,-1,3,2.251155235085675
3445,-1,4,0.0
3445,-1,5,0.577885081364686
3445,0,1,0.0
3445,0,2,0.0
3445,0,3,0.0
3445,0,4,0.9196995739344973
3445,0,5,0.0
3445,4,1,19.940025291603533
3445,4,2,6.991270009491216
3445,4,3,2.251155235085675
3445,4,4,4.598497869672487
3445,4,5,0.577885081364686
3447,-1,1,0.0
3447,-1,2,0.0
3447,-1,3,1.3330232674800624
3447,-1,4,0.0
3447,-1,5,0.08390528891468267
3447,0,1,0.0
3447,0,2,0.0
3447,0,3,0.0
3447,0,4,1.7491126555178766
3447,0,5,0.0
3447,4,1,9.816185912923666
3447,4,2,2.664998417712431
3447,4,3,1.3330232674800624
3447,4,4,8.745563277589378
3447,4,5,0.08390528891468267
3448,-1,1,0.0
3448,-1,2,0.0
3448,-1,3,0.09492918945359687
3448,-1,4,0.0
3448,-1,5,0.031906427584291276
3448,0,1,0.0
3448,0,2,0.0
3448,0,3,0.0
3448,0,4,1.3527236732132846
3448,0,5,0.0
3448,4,1,4.0340087246403264
3448,4,2,0.8190200674786521
3448,4,3,0.09492918945359687
3448,4,4,6.763618366066427
3448,4,5,0.031906427584291276
3451,-1,1,0.0
3451,-1,2,0.0
3451,-1,3,0.8170466843351216
3451,-1,4,0.0
3451,-1,5,0.39357391196030733
3451,0,1,0.0
3451,0,2,0.0
3451,0,3,0.0
3451,0,4,0.9231335372201033
3451,0,5,0.0
3451,4,1,10.581720125389966
3451,4,2,2.3310717384160733
3451,4,3,0.8170466843351216
3451,4,4,4.615667686100524
3451,4,5,0.39357391196030733
3453,-1,1,0.0
3453,-1,2,0.0
3453,-1,3,0.1699124136911558
3453,-1,4,0.0
3453,-1,5,1.0708846263731575
3453,0,1,0.0
3453,0,2,0.0
3453,0,3,0.0
3453,0,4,0.9713529919347399
3453,0,5,0.0
3453,4,1,3.6751598381201904
3453,4,2,2.148774754374616
3453,4,3,0.1699124136911558
3453,4,4,4.856764959673706
3453,4,5,1.0708846263731575
3454,-1,1,0.0
3454,-1,2,0.0
3454,-1,3,0.8529288368533129
3454,-1,4,0.0
3454,-1,5,1.466432276255293
3454,0,1,0.0
3454,0,2,0.0
3454,0,3,0.0
3454,0,4,0.8065927826296327
3454,0,5,0.0
3454,4,1,13.092744311294611
3454,4,2,18.002030376259803
3454,4,3,0.8529288368533129
3454,4,4,4.032963913148413
3454,4,5,1.466432276255293
3455,-1,1,0.0
3455,-1,2,0.0
3455,-1,3,0.012382160468532992
3455,-1,4,0.0
3455,-1,5,0.94195449553282
3455,0,1,0.0
3455,0,2,0.0
3455,0,3,0.0
3455,0,4,1.7822064937038913
3455,0,5,0.0
3455,4,1,7.8664889454396745
3455,4,2,1.0550610252392616
3455,4,3,0.012382160468532992
3455,4,4,8.911032468517277
3455,4,5,0.94195449553282
3456,-1,1,0.0
3456,-1,2,0.0
3456,-1,3,0.19372377604060464
3456,-1,4,0.0
3456,-1,5,0.6532981772928605
3456,0,1,0.0
3456,0,2,0.0
3456,0,3,0.0
3456,0,4,1.7514406952426675
3456,0,5,0.0
3456,4,1,10.689196394613539
3456,4,2,2.452585699517513
3456,4,3,0.19372377604060464
3456,4,4,8.757203476213153
3456,4,5,0.6532981772928605
3457,-1,1,0.0
3457,-1,2,0.0
3457,-1,3,0.31288002802731624
3457,-1,4,0.0
3457,-1,5,0.6937734017566342
3457,0,1,0.0
3457,0,2,0.0
3457,0,3,0.0
3457,0,4,1.8166799086483176
3457,0,5,0.0
3457,4,1,9.795046802244814
3457,4,2,4.094159295466314
3457,4,3,0.31288002802731624
3457,4,4,9.083399543241422
3457,4,5,0.6937734017566342
3458,-1,1,0.0
3458,-1,2,0.0
3458,-1,3,0.011769166055406741
3458,-1,4,0.0
3458,-1,5,0.0
3458,0,1,0.0
3458,0,2,0.0
3458,0,3,0.0
3458,0,4,1.671044682435568
3458,0,5,0.0
3458,4,1,7.866980405990582
3458,4,2,0.0
3458,4,3,0.011769166055406741
3458,4,4,8.355223412177926
3458,4,5,0.0
3459,-1,1,0.0
3459,-1,2,0.0
3459,-1,3,0.15840353309672983
3459,-1,4,0.0
3459,-1,5,0.1606945243668801
3459,0,1,0.0
3459,0,2,0.0
3459,0,3,0.0
3459,0,4,0.6479264389356539
3459,0,5,0.0
3459,4,1,14.903856138091205
3459,4,2,2.370968327625302
3459,4,3,0.15840353309672983
3459,4,4,3.239632194678277
3459,4,5,0.1606945243668801
3460,-1,1,0.0
3460,-1,2,0.0
3460,-1,3,0.0022610593384057923
3460,-1,4,0.0
3460,-1,5,0.33784782937318464
3460,0,1,0.0
3460,0,2,0.0
3460,0,3,0.0
3460,0,4,0.98947216261888
3460,0,5,0.0
3460,4,1,0.6158815971451271
3460,4,2,0.22251877633921163
3460,4,3,0.0022610593384057923
3460,4,4,4.947360813094406
3460,4,5,0.33784782937318464
3464,-1,1,0.0
3464,-1,2,0.0
3464,-1,3,0.09933532281841036
3464,-1,4,0.0
3464,-1,5,0.16115890259003404
3464,0,1,0.0
3464,0,2,0.0
3464,0,3,0.0
3464,0,4,0.9854983649208585
3464,0,5,0.0
3464,4,1,11.001098941784173
3464,4,2,4.30666948717543
3464,4,3,0.09933532281841036
3464,4,4,4.927491824604049
3464,4,5,0.16115890259003404
3466,-1,1,0.0
3466,-1,2,0.0
3466,-1,3,0.462014386086945
3466,-1,4,0.0
3466,-1,5,0.5245835082722214
3466,0,1,0.0
3466,0,2,0.0
3466,0,3,0.0
3466,0,4,0.9310569322890558
3466,0,5,0.0
3466,4,1,9.723590012993483
3466,4,2,8.869837388669163
3466,4,3,0.462014386086945
3466,4,4,4.655284661445456
3466,4,5,0.5245835082722214
3468,-1,1,0.0
3468,-1,2,0.0
3468,-1,3,0.20646101474929981
3468,-1,4,0.0
3468,-1,5,0.17461689666986846
3468,0,1,0.0
3468,0,2,0.0
3468,0,3,0.0
3468,0,4,0.8032922243429927
3468,0,5,0.0
3468,4,1,10.78713073372146
3468,4,2,13.329699972865145
3468,4,3,0.20646101474929981
3468,4,4,4.016461121714966
3468,4,5,0.17461689666986846
3470,-1,1,0.0
3470,-1,2,0.0
3470,-1,3,0.3425531025502238
3470,-1,4,0.0
3470,-1,5,0.31364327347991366
3470,0,1,0.0
3470,0,2,0.0
3470,0,3,0.0
3470,0,4,0.6672699000645994
3470,0,5,0.0
3470,4,1,10.954813649650006
3470,4,2,15.37265878656678
3470,4,3,0.3425531025502238
3470,4,4,3.3363495003228723
3470,4,5,0.31364327347991366
3471,-1,1,0.0
3471,-1,2,0.0
3471,-1,3,0.3602628632026385
3471,-1,4,0.0
3471,-1,5,0.4488984535758237
3471,0,1,0.0
3471,0,2,0.0
3471,0,3,0.0
3471,0,4,0.5866255006022228
3471,0,5,0.0
3471,4,1,11.23272607212008
3471,4,2,11.96291053877141
3471,4,3,0.3602628632026385
3471,4,4,2.9331275030110753
3471,4,5,0.4488984535758237
3472,-1,1,0.0
3472,-1,2,0.0
3472,-1,3,0.1840961195500432
3472,-1,4,0.0
3472,-1,5,0.01620282293510918
3472,0,1,0.0
3472,0,2,0.0
3472,0,3,0.0
3472,0,4,0.7044199125955447
3472,0,5,0.0
3472,4,1,12.073066564763943
3472,4,2,20.907253883777265
3472,4,3,0.1840961195500432
3472,4,4,3.5220995629781466
3472,4,5,0.01620282293510918
3473,-1,1,0.0
3473,-1,2,0.0
3473,-1,3,1.2309251011756432
3473,-1,4,0.0
3473,-1,5,0.7155022921553904
3473,0,1,0.0
3473,0,2,0.0
3473,0,3,0.0
3473,0,4,0.7100086068845921
3473,0,5,0.0
3473,4,1,10.824859651052854
3473,4,2,3.615959162359333
3473,4,3,1.2309251011756432
3473,4,4,3.550043034422979
3473,4,5,0.7155022921553904
3474,-1,1,0.0
3474,-1,2,0.0
3474,-1,3,0.3617996702578279
3474,-1,4,0.0
3474,-1,5,1.2053816976822562
3474,0,1,0.0
3474,0,2,0.0
3474,0,3,0.0
3474,0,4,1.0453824637054026
3474,0,5,0.0
3474,4,1,12.13922692174304
3474,4,2,9.87828437648083
3474,4,3,0.3617996702578279
3474,4,4,5.226912318526995
3474,4,5,1.2053816976822562
3478,-1,1,0.0
3478,-1,2,0.0
3478,-1,3,0.2437902718773466
3478,-1,4,0.0
3478,-1,5,0.03843637457932821
3478,0,1,0.0
3478,0,2,0.0
3478,0,3,0.0
3478,0,4,0.6195565874815785
3478,0,5,0.0
3478,4,1,10.974321255137912
3478,4,2,4.339972263413789
3478,4,3,0.2437902718773466
3478,4,4,3.0977829374079002
3478,4,5,0.03843637457932821
3480,-1,1,0.0
3480,-1,2,0.0
3480,-1,3,0.15744537734035913
3480,-1,4,0.0
3480,-1,5,0.12062100954770635
3480,0,1,0.0
3480,0,2,0.0
3480,0,3,0.0
3480,0,4,1.6231236224817174
3480,0,5,0.0
3480,4,1,7.622967252049656
3480,4,2,3.1011619998957283
3480,4,3,0.15744537734035913
3480,4,4,8.115618112408592
3480,4,5,0.12062100954770635
3483,-1,1,0.0
3483,-1,2,0.0
3483,-1,3,0.32943287766780355
3483,-1,4,0.0
3483,-1,5,0.7341554488963322
3483,0,1,0.0
3483,0,2,0.0
3483,0,3,0.0
3483,0,4,0.514057618408142
3483,0,5,0.0
3483,4,1,8.027768683200994
3483,4,2,3.621433970225064
3483,4,3,0.32943287766780355
3483,4,4,2.5702880920405877
3483,4,5,0.7341554488963322
3484,-1,1,0.0
3484,-1,2,0.0
3484,-1,3,0.7854736365181668
3484,-1,4,0.0
3484,-1,5,0.1670298631359562
3484,0,1,0.0
3484,0,2,0.0
3484,0,3,0.0
3484,0,4,1.4917018774513142
3484,0,5,0.0
3484,4,1,6.604830841858328
3484,4,2,8.849278747576756
3484,4,3,0.7854736365181668
3484,4,4,7.458509387256615
3484,4,5,0.1670298631359562
3485,-1,1,0.0
3485,-1,2,0.0
3485,-1,3,0.2907338587342972
3485,-1,4,0.0
3485,-1,5,0.07077252986338593
3485,0,1,0.0
3485,0,2,0.0
3485,0,3,0.0
3485,0,4,0.5678733806027879
3485,0,5,0.0
3485,4,1,4.954110736888867
3485,4,2,4.839993317003944
3485,4,3,0.2907338587342972
3485,4,4,2.8393669030139526
3485,4,5,0.07077252986338593
3486,-1,1,0.0
3486,-1,2,0.0
3486,-1,3,0.15693322185480896
3486,-1,4,0.0
3486,-1,5,0.3895305535277412
3486,0,1,0.0
3486,0,2,0.0
3486,0,3,0.0
3486,0,4,0.4942381128526376
3486,0,5,0.0
3486,4,1,5.792240104802548
3486,4,2,6.31565813877732
3486,4,3,0.15693322185480896
3486,4,4,2.471190564263209
3486,4,5,0.3895305535277412
3487,-1,1,0.0
3487,-1,2,0.0
3487,-1,3,0.022996327562372982
3487,-1,4,0.0
3487,-1,5,0.017029054471587552
3487,0,1,0.0
3487,0,2,0.0
3487,0,3,0.0
3487,0,4,1.0144480361586916
3487,0,5,0.0
3487,4,1,3.316441369432107
3487,4,2,0.46540644262599673
3487,4,3,0.022996327562372982
3487,4,4,5.072240180793459
3487,4,5,0.017029054471587552
3488,-1,1,0.0
3488,-1,2,0.0
3488,-1,3,0.10907427089866853
3488,-1,4,0.0
3488,-1,5,0.6902213620688559
3488,0,1,0.0
3488,0,2,0.0
3488,0,3,0.0
3488,0,4,1.028468813442781
3488,0,5,0.0
3488,4,1,7.009216264388198
3488,4,2,4.753652329757726
3488,4,3,0.10907427089866853
3488,4,4,5.142344067213957
3488,4,5,0.6902213620688559
3489,-1,1,0.0
3489,-1,2,0.0
3489,-1,3,2.8140204333019088
3489,-1,4,0.0
3489,-1,5,0.5419292315535794
3489,0,1,0.0
3489,0,2,0.0
3489,0,3,0.0
3489,0,4,1.002657591402191
3489,0,5,0.0
3489,4,1,14.4975766922248
3489,4,2,4.915673053383723
3489,4,3,2.8140204333019088
3489,4,4,5.0132879570109585
3489,4,5,0.5419292315535794
3490,-1,1,0.0
3490,-1,2,0.0
3490,-1,3,0.15516283245112314
3490,-1,4,0.0
3490,-1,5,0.1478968545042111
3490,0,1,0.0
3490,0,2,0.0
3490,0,3,0.0
3490,0,4,1.2525156264863015
3490,0,5,0.0
3490,4,1,11.572893581764687
3490,4,2,4.758959358611824
3490,4,3,0.15516283245112314
3490,4,4,6.262578132431511
3490,4,5,0.1478968545042111
3491,-1,1,0.0
3491,-1,2,0.0
3491,-1,3,0.4358856543631217
3491,-1,4,0.0
3491,-1,5,0.42972078780176487
3491,0,1,0.0
3491,0,2,0.0
3491,0,3,0.0
3491,0,4,1.2819300753386271
3491,0,5,0.0
3491,4,1,10.449220777226726
3491,4,2,1.8155595349322673
3491,4,3,0.4358856543631217
3491,4,4,6.40965037669303
3491,4,5,0.42972078780176487
3492,-1,1,0.0
3492,-1,2,0.0
3492,-1,3,3.0420285822795656
3492,-1,4,0.0
3492,-1,5,0.22880939865303862
3492,0,1,0.0
3492,0,2,0.0
3492,0,3,0.0
3492,0,4,0.722567208724599
3492,0,5,0.0
3492,4,1,23.0735653271546
3492,4,2,3.85403826098956
3492,4,3,3.0420285822795656
3492,4,4,3.6128360436230085
3492,4,5,0.22880939865303862
3493,-1,1,0.0
3493,-1,2,0.0
3493,-1,3,0.03409329058880237
3493,-1,4,0.0
3493,-1,5,0.16618067144114035
3493,0,1,0.0
3493,0,2,0.0
3493,0,3,0.0
3493,0,4,0.4110939087044793
3493,0,5,0.0
3493,4,1,5.030669127401074
3493,4,2,0.20433166069549732
3493,4,3,0.03409329058880237
3493,4,4,2.055469543522321
3493,4,5,0.16618067144114035
3494,-1,1,0.0
3494,-1,2,0.0
3494,-1,3,0.16433833862539626
3494,-1,4,0.0
3494,-1,5,0.32319039368095365
3494,0,1,0.0
3494,0,2,0.0
3494,0,3,0.0
3494,0,4,0.5786190024733523
3494,0,5,0.0
3494,4,1,5.648989100681213
3494,4,2,2.3806355560538583
3494,4,3,0.16433833862539626
3494,4,4,2.893095012366758
3494,4,5,0.32319039368095365
3495,-1,1,0.0
3495,-1,2,0.0
3495,-1,3,0.10105660660911595
3495,-1,4,0.0
3495,-1,5,0.034005162579668534
3495,0,1,0.0
3495,0,2,0.0
3495,0,3,0.0
3495,0,4,0.32528804309980586
3495,0,5,0.0
3495,4,1,8.506791585505852
3495,4,2,4.439938716189221
3495,4,3,0.10105660660911595
3495,4,4,1.6264402154990307
3495,4,5,0.034005162579668534
3496,-1,1,0.0
3496,-1,2,0.0
3496,-1,3,0.17877816302197186
3496,-1,4,0.0
3496,-1,5,0.20334587345203847
3496,0,1,0.0
3496,0,2,0.0
3496,0,3,0.0
3496,0,4,1.3216866757225467
3496,0,5,0.0
3496,4,1,11.242164639271419
3496,4,2,1.5870377172382137
3496,4,3,0.17877816302197186
3496,4,4,6.608433378613163
3496,4,5,0.20334587345203847
3497,-1,1,0.0
3497,-1,2,0.0
3497,-1,3,0.2643009874282682
3497,-1,4,0.0
3497,-1,5,0.020062001803129448
3497,0,1,0.0
3497,0,2,0.0
3497,0,3,0.0
3497,0,4,1.10039627734934
3497,0,5,0.0
3497,4,1,5.48205477528459
3497,4,2,2.86448034372279
3497,4,3,0.2643009874282682
3497,4,4,5.501981386746702
3497,4,5,0.020062001803129448
3498,-1,1,0.0
3498,-1,2,0.0
3498,-1,3,0.18198991852201737
3498,-1,4,0.0
3498,-1,5,0.24404898903208058
3498,0,1,0.0
3498,0,2,0.0
3498,0,3,0.0
3498,0,4,0.7425866044811514
3498,0,5,0.0
3498,4,1,6.2789604227951905
3498,4,2,4.776750365085679
3498,4,3,0.18198991852201737
3498,4,4,3.7129330224058337
3498,4,5,0.24404898903208058
3499,-1,1,0.0
3499,-1,2,0.0
3499,-1,3,2.4754428014807988
3499,-1,4,0.0
3499,-1,5,0.6820327529636677
3499,0,1,0.0
3499,0,2,0.0
3499,0,3,0.0
3499,0,4,1.0358287551140413
3499,0,5,0.0
3499,4,1,22.450049823591932
3499,4,2,3.418880955497262
3499,4,3,2.4754428014807988
3499,4,4,5.179143775570062
3499,4,5,0.6820327529636677
3500,-1,1,0.0
3500,-1,2,0.0
3500,-1,3,0.1475148146778468
3500,-1,4,0.0
3500,-1,5,0.12099246068888421
3500,0,1,0.0
3500,0,2,0.0
3500,0,3,0.0
3500,0,4,0.7382043790322753
3500,0,5,0.0
3500,4,1,7.004831221130213
3500,4,2,1.3536194826219343
3500,4,3,0.1475148146778468
3500,4,4,3.6910218951613705
3500,4,5,0.12099246068888421
3501,-1,1,0.0
3501,-1,2,0.0
3501,-1,3,0.040494618721838474
3501,-1,4,0.0
3501,-1,5,0.11802412094932437
3501,0,1,0.0
3501,0,2,0.0
3501,0,3,0.0
3501,0,4,1.6051581391684429
3501,0,5,0.0
3501,4,1,5.250138821726433
3501,4,2,8.302507214996572
3501,4,3,0.040494618721838474
3501,4,4,8.025790695842218
3501,4,5,0.11802412094932437
3502,-1,1,0.0
3502,-1,2,0.0
3502,-1,3,0.20848795745400175
3502,-1,4,0.0
3502,-1,5,0.2489554366596184
3502,0,1,0.0
3502,0,2,0.0
3502,0,3,0.0
3502,0,4,0.5978008740790007
3502,0,5,0.0
3502,4,1,11.447559585166804
3502,4,2,2.572459234347497
3502,4,3,0.20848795745400175
3502,4,4,2.9890043703950355
3502,4,5,0.2489554366596184
3503,-1,1,0.0
3503,-1,2,0.0
3503,-1,3,0.05997093378287737
3503,-1,4,0.0
3503,-1,5,0.05113544086996973
3503,0,1,0.0
3503,0,2,0.0
3503,0,3,0.0
3503,0,4,1.207673185608503
3503,0,5,0.0
3503,4,1,2.6166860576902002
3503,4,2,0.2731133225240135
3503,4,3,0.05997093378287737
3503,4,4,6.038365928042519
3503,4,5,0.05113544086996973
3504,-1,1,0.0
3504,-1,2,0.0
3504,-1,3,0.33148382892723016
3504,-1,4,0.0
3504,-1,5,0.454654669526753
3504,0,1,0.0
3504,0,2,0.0
3504,0,3,0.0
3504,0,4,0.48559854494055604
3504,0,5,0.0
3504,4,1,7.4957221706591675
3504,4,2,6.29659072003266
3504,4,3,0.33148382892723016
3504,4,4,2.427992724702769
3504,4,5,0.454654669526753
3505,-1,1,0.0
3505,-1,2,0.0
3505,-1,3,0.2617003691293098
3505,-1,4,0.0
3505,-1,5,0.023701448706968643
3505,0,1,0.0
3505,0,2,0.0
3505,0,3,0.0
3505,0,4,1.2133839238276933
3505,0,5,0.0
3505,4,1,3.152438865685565
3505,4,2,4.592301752645717
3505,4,3,0.2617003691293098
3505,4,4,6.066919619138469
3505,4,5,0.023701448706968643
3506,-1,1,0.0
3506,-1,2,0.0
3506,-1,3,0.5990493688481057
3506,-1,4,0.0
3506,-1,5,0.18657091496274347
3506,0,1,0.0
3506,0,2,0.0
3506,0,3,0.0
3506,0,4,1.4520401313832882
3506,0,5,0.0
3506,4,1,12.484765866874223
3506,4,2,2.462988065122313
3506,4,3,0.5990493688481057
3506,4,4,7.260200656916763
3506,4,5,0.18657091496274347
3507,-1,1,0.0
3507,-1,2,0.0
3507,-1,3,0.29360421175277146
3507,-1,4,0.0
3507,-1,5,0.22406494225847262
3507,0,1,0.0
3507,0,2,0.0
3507,0,3,0.0
3507,0,4,1.1241676158234382
3507,0,5,0.0
3507,4,1,2.656083724093036
3507,4,2,0.5536140221686648
3507,4,3,0.29360421175277146
3507,4,4,5.620838079117183
3507,4,5,0.22406494225847262
3508,-1,1,0.0
3508,-1,2,0.0
3508,-1,3,0.7888401077918246
3508,-1,4,0.0
3508,-1,5,0.6471633797068641
3508,0,1,0.0
3508,0,2,0.0
3508,0,3,0.0
3508,0,4,0.7680701642803299
3508,0,5,0.0
3508,4,1,11.843433144212833
3508,4,2,1.988675777907293
3508,4,3,0.7888401077918246
3508,4,4,3.84035082140172
3508,4,5,0.6471633797068641
3514,-1,1,0.0
3514,-1,2,0.0
3514,-1,3,0.3731845157693204
3514,-1,4,0.0
3514,-1,5,0.04208681971283817
3514,0,1,0.0
3514,0,2,0.0
3514,0,3,0.0
3514,0,4,0.35458402318035326
3514,0,5,0.0
3514,4,1,7.652501291897652
3514,4,2,2.5834721998622685
3514,4,3,0.3731845157693204
3514,4,4,1.7729201159017747
3514,4,5,0.04208681971283817
3515,-1,1,0.0
3515,-1,2,0.0
3515,-1,3,0.0304010778099082
3515,-1,4,0.0
3515,-1,5,0.01985448192631629
3515,0,1,0.0
3515,0,2,0.0
3515,0,3,0.0
3515,0,4,1.9059195855491362
3515,0,5,0.0
3515,4,1,8.431441501660688
3515,4,2,0.23646279616481555
3515,4,3,0.0304010778099082
3515,4,4,9.529597927745732
3515,4,5,0.01985448192631629
3518,-1,1,0.0
3518,-1,2,0.0
3518,-1,3,3.021078709922285
3518,-1,4,0.0
3518,-1,5,1.7031934175679015
3518,0,1,0.0
3518,0,2,0.0
3518,0,3,0.0
3518,0,4,0.2979875370159088
3518,0,5,0.0
3518,4,1,14.629385987520944
3518,4,2,4.847872845353425
3518,4,3,3.021078709922285
3518,4,4,1.489937685079531
3518,4,5,1.7031934175679015
3519,-1,1,0.0
3519,-1,2,0.0
3519,-1,3,0.34229720033390576
3519,-1,4,0.0
3519,-1,5,0.6665915934511547
3519,0,1,0.0
3519,0,2,0.0
3519,0,3,0.0
3519,0,4,0.5858410725271028
3519,0,5,0.0
3519,4,1,12.16255057718775
3519,4,2,21.590916400282115
3519,4,3,0.34229720033390576
3519,4,4,2.9292053626354577
3519,4,5,0.6665915934511547
3520,-1,1,0.0
3520,-1,2,0.0
3520,-1,3,0.7475464093785791
3520,-1,4,0.0
3520,-1,5,0.14749497445116957
3520,0,1,0.0
3520,0,2,0.0
3520,0,3,0.0
3520,0,4,1.0403128026859938
3520,0,5,0.0
3520,4,1,14.705160206001532
3520,4,2,0.6028827132637863
3520,4,3,0.7475464093785791
3520,4,4,5.201564013430046
3520,4,5,0.14749497445116957
3522,-1,1,0.0
3522,-1,2,0.0
3522,-1,3,0.14430177590555396
3522,-1,4,0.0
3522,-1,5,0.021837511964930972
3522,0,1,0.0
3522,0,2,0.0
3522,0,3,0.0
3522,0,4,1.4065649617295162
3522,0,5,0.0
3522,4,1,11.263151645295748
3522,4,2,0.8263716248101944
3522,4,3,0.14430177590555396
3522,4,4,7.032824808647524
3522,4,5,0.021837511964930972
3523,-1,1,0.0
3523,-1,2,0.0
3523,-1,3,0.17915392086403756
3523,-1,4,0.0
3523,-1,5,0.025238145699557995
3523,0,1,0.0
3523,0,2,0.0
3523,0,3,0.0
3523,0,4,1.6460653523756723
3523,0,5,0.0
3523,4,1,3.694252102298687
3523,4,2,0.27412578354213396
3523,4,3,0.17915392086403756
3523,4,4,8.230326761878347
3523,4,5,0.025238145699557995
3524,-1,1,0.0
3524,-1,2,0.0
3524,-1,3,0.6389070388126284
3524,-1,4,0.0
3524,-1,5,0.2702798471721776
3524,0,1,0.0
3524,0,2,0.0
3524,0,3,0.0
3524,0,4,0.4309315020952164
3524,0,5,0.0
3524,4,1,8.703027493767827
3524,4,2,20.509771869817317
3524,4,3,0.6389070388126284
3524,4,4,2.1546575104760324
3524,4,5,0.2702798471721776
3525,-1,1,0.0
3525,-1,2,0.0
3525,-1,3,0.13215474089010273
3525,-1,4,0.0
3525,-1,5,0.9539134407218527
3525,0,1,0.0
3525,0,2,0.0
3525,0,3,0.0
3525,0,4,0.3502962381592632
3525,0,5,0.0
3525,4,1,9.512470692321402
3525,4,2,31.496122826080935
3525,4,3,0.13215474089010273
3525,4,4,1.7514811907962897
3525,4,5,0.9539134407218527
3526,-1,1,0.0
3526,-1,2,0.0
3526,-1,3,0.11238948250429752
3526,-1,4,0.0
3526,-1,5,0.5819191230954751
3526,0,1,0.0
3526,0,2,0.0
3526,0,3,0.0
3526,0,4,1.262317045301944
3526,0,5,0.0
3526,4,1,3.8951100036843256
3526,4,2,6.082075843644363
3526,4,3,0.11238948250429752
3526,4,4,6.311585226509692
3526,4,5,0.5819191230954751
3527,-1,1,0.0
3527,-1,2,0.0
3527,-1,3,2.5933218933390094
3527,-1,4,0.0
3527,-1,5,1.3358574848699256
3527,0,1,0.0
3527,0,2,0.0
3527,0,3,0.0
3527,0,4,0.28476732468281807
3527,0,5,0.0
3527,4,1,8.527119680461123
3527,4,2,2.2862999614694273
3527,4,3,2.5933218933390094
3527,4,4,1.4238366234140822
3527,4,5,1.3358574848699256
3528,-1,1,0.0
3528,-1,2,0.0
3528,-1,3,0.6298385384399228
3528,-1,4,0.0
3528,-1,5,0.1106017159046644
3528,0,1,0.0
3528,0,2,0.0
3528,0,3,0.0
3528,0,4,0.7607301766686614
3528,0,5,0.0
3528,4,1,9.874331442908499
3528,4,2,10.529711846971711
3528,4,3,0.6298385384399228
3528,4,4,3.803650883343315
3528,4,5,0.1106017159046644
3530,-1,1,0.0
3530,-1,2,0.0
3530,-1,3,0.6122302626079333
3530,-1,4,0.0
3530,-1,5,0.06919759477444386
3530,0,1,0.0
3530,0,2,0.0
3530,0,3,0.0
3530,0,4,1.174693904020993
3530,0,5,0.0
3530,4,1,7.254722707655161
3530,4,2,4.076475159220936
3530,4,3,0.6122302626079333
3530,4,4,5.873469520104981
3530,4,5,0.06919759477444386
3533,-1,1,0.0
3533,-1,2,0.0
3533,-1,3,1.6353061714096424
3533,-1,4,0.0
3533,-1,5,0.02454275873798821
3533,0,1,0.0
3533,0,2,0.0
3533,0,3,0.0
3533,0,4,0.5572687499511246
3533,0,5,0.0
3533,4,1,5.949722680096554
3533,4,2,3.9524085169556287
3533,4,3,1.6353061714096424
3533,4,4,2.7863437497556443
3533,4,5,0.02454275873798821
3534,-1,1,0.0
3534,-1,2,0.0
3534,-1,3,0.12374779788659006
3534,-1,4,0.0
3534,-1,5,0.045832509717985234
3534,0,1,0.0
3534,0,2,0.0
3534,0,3,0.0
3534,0,4,0.6819984857776866
3534,0,5,0.0
3534,4,1,7.032441419015752
3534,4,2,6.83583721857096
3534,4,3,0.12374779788659006
3534,4,4,3.4099924288884256
3534,4,5,0.045832509717985234
3536,-1,1,0.0
3536,-1,2,0.0
3536,-1,3,0.5241453112028492
3536,-1,4,0.0
3536,-1,5,0.19740534735421528
3536,0,1,0.0
3536,0,2,0.0
3536,0,3,0.0
3536,0,4,0.545442986670268
3536,0,5,0.0
3536,4,1,6.750765673514141
3536,4,2,4.170836909422815
3536,4,3,0.5241453112028492
3536,4,4,2.7272149333513434
3536,4,5,0.19740534735421528
3537,-1,1,0.0
3537,-1,2,0.0
3537,-1,3,0.02912257873213657
3537,-1,4,0.0
3537,-1,5,0.08543038216493266
3537,0,1,0.0
3537,0,2,0.0
3537,0,3,0.0
3537,0,4,0.830558297230429
3537,0,5,0.0
3537,4,1,7.92667766608631
3537,4,2,0.9994225570111683
3537,4,3,0.02912257873213657
3537,4,4,4.1527914861522035
3537,4,5,0.08543038216493266
3538,-1,1,0.0
3538,-1,2,0.0
3538,-1,3,0.0008703678968749943
3538,-1,4,0.0
3538,-1,5,0.001757636683330128
3538,0,1,0.0
3538,0,2,0.0
3538,0,3,0.0
3538,0,4,0.7923588454580713
3538,0,5,0.0
3538,4,1,9.118785619794096
3538,4,2,0.0007498268467616228
3538,4,3,0.0008703678968749943
3538,4,4,3.9617942272903974
3538,4,5,0.001757636683330128
3539,-1,1,0.0
3539,-1,2,0.0
3539,-1,3,0.3649880800416796
3539,-1,4,0.0
3539,-1,5,0.10896698205241925
3539,0,1,0.0
3539,0,2,0.0
3539,0,3,0.0
3539,0,4,0.7826536397099371
3539,0,5,0.0
3539,4,1,5.832331533584315
3539,4,2,3.8888371354859324
3539,4,3,0.3649880800416796
3539,4,4,3.913268198549785
3539,4,5,0.10896698205241925
3540,-1,1,0.0
3540,-1,2,0.0
3540,-1,3,0.08050639907721614
3540,-1,4,0.0
3540,-1,5,0.29396760927985865
3540,0,1,0.0
3540,0,2,0.0
3540,0,3,0.0
3540,0,4,0.22544187141944003
3540,0,5,0.0
3540,4,1,8.109774910865635
3540,4,2,17.472844886243827
3540,4,3,0.08050639907721614
3540,4,4,1.1272093570971915
3540,4,5,0.29396760927985865
3541,-1,1,0.0
3541,-1,2,0.0
3541,-1,3,3.9530482106012537
3541,-1,4,0.0
3541,-1,5,0.8702040546624458
3541,0,1,0.0
3541,0,2,0.0
3541,0,3,0.0
3541,0,4,1.1707166304385186
3541,0,5,0.0
3541,4,1,17.05777218651111
3541,4,2,14.91713219797274
3541,4,3,3.9530482106012537
3541,4,4,5.853583152192624
3541,4,5,0.8702040546624458
3542,-1,1,0.0
3542,-1,2,0.0
3542,-1,3,3.039910413503894
3542,-1,4,0.0
3542,-1,5,1.8669178877899277
3542,0,1,0.0
3542,0,2,0.0
3542,0,3,0.0
3542,0,4,0.5706933333035258
3542,0,5,0.0
3542,4,1,5.048133045535786
3542,4,2,0.030449288814557638
3542,4,3,3.039910413503894
3542,4,4,2.8534666665177295
3542,4,5,1.8669178877899277
3544,-1,1,0.0
3544,-1,2,0.0
3544,-1,3,0.29132400043440565
3544,-1,4,0.0
3544,-1,5,0.04379835726704573
3544,0,1,0.0
3544,0,2,0.0
3544,0,3,0.0
3544,0,4,0.7847376823413005
3544,0,5,0.0
3544,4,1,12.719173696454765
3544,4,2,5.254125057127142
3544,4,3,0.29132400043440565
3544,4,4,3.923688411706524
3544,4,5,0.04379835726704573
3545,-1,1,0.0
3545,-1,2,0.0
3545,-1,3,0.002250258509598471
3545,-1,4,0.0
3545,-1,5,0.01918986074081041
3545,0,1,0.0
3545,0,2,0.0
3545,0,3,0.0
3545,0,4,0.5383026815866367
3545,0,5,0.0
3545,4,1,7.349217450694175
3545,4,2,19.788221827703286
3545,4,3,0.002250258509598471
3545,4,4,2.6915134079332534
3545,4,5,0.01918986074081041
3546,-1,1,0.0
3546,-1,2,0.0
3546,-1,3,0.15690282175386008
3546,-1,4,0.0
3546,-1,5,0.3298830414910665
3546,0,1,0.0
3546,0,2,0.0
3546,0,3,0.0
3546,0,4,1.1583575001541397
3546,0,5,0.0
3546,4,1,12.614221490191667
3546,4,2,7.616006192672231
3546,4,3,0.15690282175386008
3546,4,4,5.791787500770574
3546,4,5,0.3298830414910665
3547,-1,1,0.0
3547,-1,2,0.0
3547,-1,3,0.000840850877938942
3547,-1,4,0.0
3547,-1,5,0.00046050605633698137
3547,0,1,0.0
3547,0,2,0.0
3547,0,3,0.0
3547,0,4,2.2588409785704835
3547,0,5,0.0
3547,4,1,5.366982234699989
3547,4,2,0.003112263842461099
3547,4,3,0.000840850877938942
3547,4,4,11.294204892852385
3547,4,5,0.00046050605633698137
3549,-1,1,0.0
3549,-1,2,0.0
3549,-1,3,0.2712933986472616
3549,-1,4,0.0
3549,-1,5,1.5840888264332238
3549,0,1,0.0
3549,0,2,0.0
3549,0,3,0.0
3549,0,4,1.4205349944478822
3549,0,5,0.0
3549,4,1,14.242207791828426
3549,4,2,3.978907690186827
3549,4,3,0.2712933986472616
3549,4,4,7.102674972239339
3549,4,5,1.5840888264332238
3552,-1,1,0.0
3552,-1,2,0.0
3552,-1,3,0.03841343400990836
3552,-1,4,0.0
3552,-1,5,0.11616465343882966
3552,0,1,0.0
3552,0,2,0.0
3552,0,3,0.0
3552,0,4,1.133844062478934
3552,0,5,0.0
3552,4,1,5.669071897803482
3552,4,2,11.26288400990877
3552,4,3,0.03841343400990836
3552,4,4,5.669220312394667
3552,4,5,0.11616465343882966
3553,-1,1,0.0
3553,-1,2,0.0
3553,-1,3,2.290974970736612
3553,-1,4,0.0
3553,-1,5,1.5368959542721965
3553,0,1,0.0
3553,0,2,0.0
3553,0,3,0.0
3553,0,4,0.40810846304571163
3553,0,5,0.0
3553,4,1,13.942744804272074
3553,4,2,4.267020601703981
3553,4,3,2.290974970736612
3553,4,4,2.04054231522863
3553,4,5,1.5368959542721965
3554,-1,1,0.0
3554,-1,2,0.0
3554,-1,3,0.31386465496287197
3554,-1,4,0.0
3554,-1,5,1.301055232606307
3554,0,1,0.0
3554,0,2,0.0
3554,0,3,0.0
3554,0,4,0.8551003488110093
3554,0,5,0.0
3554,4,1,11.04824961940758
3554,4,2,11.736518908347586
3554,4,3,0.31386465496287197
3554,4,4,4.275501744055039
3554,4,5,1.301055232606307
3555,-1,1,0.0
3555,-1,2,0.0
3555,-1,3,0.04740660876571093
3555,-1,4,0.0
3555,-1,5,0.006650993175079502
3555,0,1,0.0
3555,0,2,0.0
3555,0,3,0.0
3555,0,4,1.0585177581289187
3555,0,5,0.0
3555,4,1,10.869661671309746
3555,4,2,6.4509091484518555
3555,4,3,0.04740660876571093
3555,4,4,5.292588790644669
3555,4,5,0.006650993175079502
